노선번호,지점번호,도명,시/군,읍/면,동/리,구간,이정(km),연장(km),차로수,시간,계,승용차,버스,소형화물,중형화물,대형화물
함양울산선,1411,경남,밀양,단장,단장,밀양IC-배내골IC,0~20.5,20.5,4,,"9,147","6,594",60,"1,346",948,199
함양울산선,1412,울산,울주,삼남,가천,배내골IC-서울주JCT,20.5~29.6,9.1,4,,"10,170","7,367",70,"1,481","1,024",228
함양울산선,1413,울산,울주,삼동,작동,서울주JCT-울주JCT,29.6~44.3,14.7,4,,"15,799","9,591",133,"2,381","2,719",975
남해선,01001-1,전남,영암,학산,신덕,서영암IC-서호학산IC,0~5.3,5.3,4,,"12,032","8,477",162,"1,802","1,093",498
남해선,01001-2,전남,영암,학산,금계,서호학산IC-강진무위사IC,5.3~19.5,14.2,4,,"12,244","8,619",163,"1,832","1,118",512
남해선,01001-3,전남,강진,작천,토마,강진무위사IC-장흥IC,19.5~38.3,18.8,4,,"10,171","7,165",136,"1,523",920,427
남해선,01001-4,전남,장흥,장동,북교,장흥IC-보성IC,38.3~61.2,22.9,4,,"11,383","8,036",152,"1,694","1,022",479
남해선,01001-5,전남,보성,겸백,수남,보성IC-벌교IC,61.2~79.7,18.5,4,,"18,807","13,223",243,"2,812","1,717",812
남해선,01001-6,전남,보성,벌교,장좌,벌교IC-고흥IC,79.7~83.9,4.2,4,,"19,772","13,991",264,"2,931","1,764",822
남해선,01001-7,전남,순천,별량,원창,고흥IC-순천만IC,83.9~100.3,16.4,4,,"23,849","16,874",314,"3,542","2,129",990
남해선,01001-8,전남,순천,,교량,순천만IC-도롱IC,100.3~106.8,6.5,4,,"26,375","18,548",345,"3,932","2,423","1,127"
남해선,1001,전남,순천,서,동산,서순천IC-순천IC,0~3.8,3.8,4,,"30,408","21,381",394,"4,529","2,813","1,291"
남해선,1002,전남,순천,서,압곡,순천IC-순천JCT,3.8~6,2.2,4,,"20,942","14,729",266,"3,131","1,923",893
남해선,01002-1,전남,광양,봉강,석사,순천JCT-광양IC,6~12.6,6.6,4,,"24,714","15,738",442,"3,211","3,226","2,097"
남해선,1003,전남,광양,광양,용강,광양IC-동광양IC,12.6~17.7,5.1,4,,"30,264","19,226",535,"3,937","3,981","2,585"
남해선,1004,전남,광양,,중군,동광양IC-옥곡IC,17.7~24.2,6.5,4,,"29,041","18,420",515,"3,780","3,835","2,491"
남해선,1005,전남,광양,옥곡,선금,옥곡IC-진월IC,24.2~28.6,4.4,4,,"32,206","20,405",569,"4,205","4,249","2,778"
남해선,1006,전남,광양,진월,망덕,진월IC-하동IC,28.6~35.6,7,4,,"33,092","20,857",575,"4,336","4,426","2,898"
남해선,1007,경남,하동,금남,계천,하동IC-진교IC,35.6~45.7,10.1,4,,"38,030","24,014",668,"4,993","5,050","3,305"
남해선,1008,경남,하동,진교,관곡,진교IC-곤양IC,45.7~52.1,6.4,4,,"44,221","28,003",788,"5,799","5,816","3,815"
남해선,1009,경남,사천,곤양,남문외,곤양IC-축동IC,52.1~60.1,8,4,,"46,340","29,340",826,"6,085","6,091","3,998"
남해선,1010,경남,사천,축동,가산,축동IC-사천IC,60.1~66,5.9,4,,"47,585","30,128",850,"6,260","6,247","4,100"
남해선,1011,경남,사천,축동,사다,사천IC-진주JCT,66~68.5,2.5,6,,"62,936","40,125","1,146","8,262","8,095","5,308"
남해선,1012,경남,진주,정촌,화계,진주JCT-진주IC,68.5~71.7,3.2,8,,"78,146","49,613","1,411","10,261","10,208","6,653"
남해선,1013,경남,진주,,가호,진주IC-문산IC,71.7~75.7,4,8,,"69,012","40,429",666,"11,487","9,452","6,978"
남해선,1014,경남,진주,문산,소문,문산IC-진성IC,75.7~82.6,6.9,8,,"72,310","42,378",706,"12,023","9,928","7,275"
남해선,1015,경남,진주,진성,동산,진성IC-지수IC,82.6~88.6,6,8,,"72,209","42,303",710,"12,023","9,922","7,251"
남해선,1016,경남,진주,지수,승산,지수IC-군북IC,88.6~97.8,9.2,8,,"73,524","43,156",718,"12,228","10,071","7,351"
남해선,1017,경남,함안,군북,사도,군북IC-장지IC,97.8~100.6,2.8,8,,"79,766","47,025",785,"13,286","10,784","7,886"
남해선,1018,경남,함안,군북,유현,장지IC-함안IC,100.6~104.2,3.6,8,,"82,477","48,674",807,"13,750","11,130","8,116"
남해선,1019,경남,함안,가야,도항,함안IC-산인JCT,104.2~112.9,8.7,8,,"88,601","52,328",869,"14,769","11,933","8,702"
남해선,01019-1,경남,함안,산인,모곡,산인JCT-칠원JCT,112.9~116,3.1,4,,"58,133","34,598",723,"9,869","7,377","5,566"
남해선,01019-2,경남,함안,칠원,유원,칠원JCT-북창원IC,116~124.8,8.8,4,,"69,201","41,107",858,"11,725","8,848","6,663"
남해선,01019-3,경남,창원,동,외감,북창원IC-창원JCT,124.8~128.4,3.6,4,,"68,874","40,897",851,"11,649","8,794","6,683"
남해선,1024,경남,창원,동,용전,창원JCT-동창원IC,128.4~133.4,5,8,,"115,455","69,701","1,572","19,655","14,016","10,511"
남해선,1025,경남,김해,진영,사산,동창원IC-진영JCT,133.4~135.7,2.3,8,,"120,556","72,983","1,648","20,528","14,524","10,873"
남해선,01025-1,경남,김해,진영,우동,진영JCT-진례IC,135.7139.7,4,8,,"94,186","59,500","1,445","15,002","8,389","9,850"
남해선,1026,경남,김해,진례,송정,진례IC-진례JCT,139.7~142.9,4.5,8,,"104,821","66,270","1,604","16,727","9,268","10,952"
남해선,01026-1,경남,김해,주촌,유하,진례JCT-냉정JCT,142.9~146.7,2.5,8,,"91,671","63,406","1,553","15,350","7,566","3,796"
남해선,1027,경남,김해,장유,유하,냉정JCT-서김해IC,146.7~151.5,4.8,6,,"64,272","47,922",923,"9,939","3,603","1,885"
남해선,1028,경남,김해,,흥,서김해IC-동김해IC,151.5~156,4.5,6,,"78,546","58,244","1,125","12,283","4,548","2,346"
남해선,01028-1,경남,김해,,부원,동김해IC-김해JCT,156~158.7,2.7,8,,"97,404","72,720","1,403","14,948","5,464","2,869"
남해선,1029,경남,김해,,강동,김해JCT-대저JCT,158.7~163.5,4.8,6,,"63,454","52,014",734,"8,667","1,320",719
남해선,1030,부산,,북,덕천2,대저JCT-부산(종점),163.5~166.4,2.9,4,,"72,145","59,203",861,"9,728","1,602",751
광주대구선,01200-1,전남,무안,망운,피서,무안공항IC-북무안IC,0~4.7,4.7,4,,"1,654","1,157",28,354,106,9
광주대구선,01200-2,전남,무안,무안,평산,북무안IC-함평JCT,4.7~9.6,4.9,4,,"8,051","5,603",132,"1,720",559,37
광주대구선,01200-3,전남,함평,함평,자풍,함평JCT-동함평IC,9.6~15.6,6,4,,"32,349","24,915",379,"4,730","1,828",497
광주대구선,01200-4,전남,함평,학교,마산,동함평IC-문평IC,15.6~20.8,5.2,4,,"36,601","28,229",427,"5,365","2,020",560
광주대구선,01200-5,전남,나주,문평,대도,문평IC-나주IC,20.8~30.4,9.6,4,,"37,781","29,108",440,"5,565","2,095",573
광주대구선,01200-6,전남,나주,노안,계림,나주IC-서광산IC,30.4~34.8,4.4,4,,"39,487","30,462",464,"5,807","2,158",596
광주대구선,01200-7,전남,나주,노안,계림,서광산IC-운수IC,34.8~41.4,6.6,4,,"46,949","36,242",560,"6,925","2,528",694
광주대구선,1201,전남,담양,고서,보촌,고서JCT-담양JCT,41.4~44.8,3.4,6,,"20,522","14,428",482,"3,391","1,915",306
광주대구선,01201-1,전남,담양,봉산,유산,담양JCT-담양IC,44.8~48.1,3.3,4,,"24,816","17,306",579,"4,124","2,430",377
광주대구선,1202,전남,담양,담양,학동,담양IC-순창IC,48.1~66.3,18.2,4,,"20,964","14,508",491,"3,505","2,137",323
광주대구선,1203,전북,순창,대강,입암,순창IC-남원JCT,66.3~83.9,17.6,4,,"18,933","13,091",445,"3,164","1,938",295
광주대구선,01203-1,전북,남원,,화정,남원JCT-남원IC,83.9~92.9,9,4,,"14,329","8,951",312,"2,654","2,049",363
광주대구선,1204,전북,남원,,삭정,남원IC-동남원IC,92.9~102.4,9.5,4,,"14,725","9,210",328,"2,748","2,077",362
광주대구선,1205,전북,남원,산동,대기,동남원IC-지리산IC,102.4~113.9,11.5,4,,"13,935","8,735",311,"2,600","1,944",345
광주대구선,1206,전북,남원,아영,월산,지리산IC-함양IC,113.9~131.7,17.8,4,,"13,743","8,594",306,"2,532","1,965",346
광주대구선,1207,경남,함양,함양,백천,함양IC-함양JCT,131.7~133.6,1.9,4,,"16,189","10,166",361,"2,978","2,280",404
광주대구선,1208,경남,함양,함양,백천,함양JCT-거창IC,133.6~157.8,24.2,4,,"15,941","10,432",268,"2,846","2,114",281
광주대구선,1209,경남,거창,남하,양항,거창IC-가조IC,157.8~168.3,10.5,4,,"21,017","13,717",348,"3,767","2,822",363
광주대구선,1210,경남,거창,가조,도,가조IC-해인사IC,168.3~183.2,14.9,4,,"22,153","14,463",373,"3,970","2,964",383
광주대구선,1211,경남,합천,야로,하빈,해인사IC-고령IC,183.2~189.6,6.4,4,,"24,668","16,110",409,"4,418","3,299",432
광주대구선,1212,경북,고령,쌍림,안림,고령IC-동고령IC,189.6~201.6,12,4,,"30,451","19,941",508,"5,451","4,026",525
광주대구선,1213,경북,고령,성산,어곡,동고령IC-고령JCT,201.6~203,1.4,6,,"37,625","24,968",646,"6,711","4,685",615
광주대구선,1214,경북,고령,성산,박곡,고령JCT-옥포JCT,203~212.9,9.9,6,,"39,495","26,401",585,"7,005","4,957",547
서해안선,1501,전남,무안,삼향,맥포,죽림IC-일로IC,0~2.4,2.4,4,,"27,518","20,055",468,"3,738","2,478",779
서해안선,1502,전남,무안,일로,지장,일로IC-무안IC,2.4~19.6,17.2,4,,"34,936","25,484",593,"4,748","3,127",984
서해안선,1503,전남,무안,무안,용월,무안IC-함평JCT,19.6~22.1,2.5,4,,"38,217","27,789",642,"5,257","3,449","1,080"
서해안선,01503-1,전남,함평,함평,자풍,함평JCT-함평IC,22.1~29.9,7.8,4,,"15,539","9,844",308,"2,300","2,726",361
서해안선,1504,전남,함평,함평,진양,함평IC-영광IC,29.9~54.2,24.3,4,,"15,130","9,597",301,"2,239","2,648",345
서해안선,1505,전남,영광,대마,화평,영광IC-고창JCT,54.2~70.3,16.1,4,,"17,127","10,883",345,"2,536","2,973",390
서해안선,01505-1,전북,고창,고수,예지,고창JCT-고창IC,70.3~73,2.7,4,,"31,656","20,736",575,"4,740","5,012",593
서해안선,1506,전북,고창,고창,주곡,고창IC-선운산IC,73~81,8,4,,"31,791","20,855",579,"4,748","5,020",589
서해안선,1507,전북,고창,흥덕,석교,선운산IC-줄포IC,81~90.8,9.8,4,,"30,436","19,994",554,"4,538","4,786",564
서해안선,1508,전북,부안,줄포,장동,줄포IC-부안IC,90.8~107,16.2,4,,"31,032","20,333",567,"4,632","4,920",580
서해안선,1509,전북,부안,동진,하장,부안IC-서김제IC,107~120.9,13.9,4,,"30,106","19,724",548,"4,480","4,795",559
서해안선,1510,전북,김제,성덕,대목,서김제IC-동군산IC,120.9~133.5,12.6,4,,"29,202","19,188",534,"4,327","4,612",541
서해안선,1511,전북,군산,대야,죽산,동군산IC-군산IC,133.5~141.9,8.4,4,,"29,425","19,295",534,"4,356","4,695",545
서해안선,1512,전북,군산,성산,여방,군산IC-동서천JCT,141.9~148.1,6.2,4,,"34,727","22,793",632,"5,142","5,512",648
서해안선,01512-1,충남,서천,서천,두왕,동서천JCT-서천IC,148.1~157.1,9,4,,"27,081","18,057",362,"3,696","4,057",909
서해안선,1513,충남,서천,종천,산천,서천IC-춘장대IC,157.1~169,11.9,4,,"30,995","20,669",418,"4,237","4,633","1,038"
서해안선,1514,충남,보령,주산,유곡,춘장대IC-무창포IC,169~177.7,8.7,4,,"31,289","20,954",419,"4,271","4,608","1,037"
서해안선,01514-1,충남,보령,웅천,관당,무창포IC-대천IC,177.7~189.7,12,4,,"29,086","19,405",395,"3,956","4,362",968
서해안선,1515,충남,보령,,내항,대천IC-광천IC,189.7~209.4,19.7,4,,"33,489","22,406",451,"4,551","4,974","1,107"
서해안선,1516,충남,보령,천북,신덕,광천IC-홍성IC,209.4~220.2,10.8,4,,"36,000","24,067",483,"4,893","5,371","1,186"
서해안선,1517,충남,홍성,갈산,행산,홍성IC-해미IC,220.2~233.9,13.7,4,,"39,894","26,722",538,"5,411","5,911","1,312"
서해안선,1518,충남,서산,해미,황락,해미IC-서산IC,233.9~244.6,10.7,4,,"41,591","27,892",560,"5,649","6,121","1,369"
서해안선,1519,충남,서산,운산,갈산,서산IC-당진JCT,244.6~251.2,6.6,4,,"57,481","38,519",772,"7,904","8,378","1,908"
서해안선,1520,충남,당진,,사기소,당진JCT-당진IC,251.2~260.6,9.4,6,,"78,263","52,664","1,295","10,291","10,571","3,442"
서해안선,1521,충남,당진,송악,영천,당진IC-송악IC,260.6~268.6,8,6,,"88,006","59,104","1,463","11,563","11,972","3,904"
서해안선,1522,충남,당진,송악,복운,송악IC-서평택IC,268.6~281.3,12.7,8,,"100,908","67,786","1,670","13,334","13,674","4,444"
서해안선,1523,경기,평택,포승,석정,서평택IC-서평택JCT,281.3~287.8,6.5,10,,"114,774","76,956","1,889","15,194","15,661","5,074"
서해안선,01523-1,경기,평택,청북,고잔,서평택JCT-발안IC,287.8~295.6,7.8,6,,"98,210","69,298",748,"15,651","9,957","2,556"
서해안선,1524,경기,화성,팔탄,고주,발안IC-팔탄JCT,295.6~303.5,7.9,6,,"110,613","78,358",862,"17,574","11,016","2,803"
서해안선,01524-1,경기,화성,비봉,자안,팔탄JCT-비봉IC,303.5~309.3,5.8,6,,"103,966","74,052",757,"17,421","9,374","2,362"
서해안선,1525,경기,화성,비봉,구포,비봉IC-매송IC,309.3~313.3,4,8,,"112,190","79,706",818,"18,886","10,213","2,567"
서해안선,1526,경기,화성,매송,송라,매송IC-팔곡JCT,313.3~317.1,3.8,6,,"122,647","87,183",888,"20,519","11,237","2,820"
서해안선,1527,경기,안산,상록,팔곡1,팔곡JCT-안산JCT,317.1~322.2,5.1,6,,"109,417","85,441","1,028","15,686","5,996","1,266"
서해안선,1528,경기,안산,상록,부곡,안산JCT-조남JCT,322.2~325.1,2.9,11,,"202,778","158,629","1,924","28,798","11,083","2,344"
서해안선,1529,경기,시흥,,조남,조남JCT-목감IC,325.1~328.2,3.1,10,,"117,566","98,135","1,298","14,509","3,246",378
서해안선,1530,경기,시흥,,목감,목감IC-광명역IC,328.2~329.4,1.2,10,,"178,232","148,665","1,971","22,039","4,981",576
서해안선,01530-1,경기,안양,만안,박달,광명역IC-일직JCT,329.4~332.1,2.7,10,,"164,871","137,594","1,823","20,291","4,619",544
서해안선,1531,경기,광명,,소하,일직JCT-소하JCT,332.1~333.1,1,8,,"124,903","104,093","1,386","15,459","3,540",425
서해안선,1532,서울,,금천,시흥,소하JCT-금천IC,333.1~336.3,3.2,4,,"110,138","91,794","1,217","13,637","3,116",374
울산선,1601,울산,울주,언양,어음,언양JCT-울산JCT,0~11.8,11.8,4,,"43,841","31,543","1,000","5,868","4,603",827
울산선,1602,울산,울주,범서,굴화,울산JCT-종점,11.8~14.3,2.5,6,,"43,985","32,168","1,042","5,646","4,367",762
평택화성선,1701,경기,평택,오성,양교,오성-평택JCT,0.9~2.6,1.7,6,,"86,890","60,082",861,"16,066","8,509","1,372"
평택화성선,1702,경기,평택,청북,어연,평택JCT-어연IC,2.6~5.3,2.7,6,,"80,127","58,236","1,491","13,068","6,306","1,026"
평택화성선,1703,경기,화성,양감,용소,어연IC-양감IC,5.3~10,4.7,6,,"86,520","65,441","1,598","12,735","5,780",966
평택화성선,01703-1,경기,화성,양감,송산,양감IC-향남IC,10~13.8,3.8,6,,"89,902","68,716","1,787","12,815","5,604",980
평택화성선,1704,경기,화성,정남,금복,향남IC-서오산JCT,13.8~19.1,5.3,6,,"103,698","80,570","1,832","14,788","5,569",939
평택화성선,1705,경기,화성,정남,관항,서오산JCT-정남IC,19.1~21.8,2.7,6,,"103,644","77,732",994,"18,705","5,299",914
평택화성선,01705-1,경기,화성,정남,보통,정남IC-화성JCT,21.8~23.5,1.7,4,,"115,481","86,924","1,021","20,143","6,215","1,178"
평택화성선,1706,경기,화성,봉담,와우,화성JCT-봉담IC,23.5~27.6,4.1,4,,"101,137","76,707",833,"17,532","4,839","1,226"
수원광명선,01706-1,경기,화성,매송,천천,봉담IC-금곡IC,0~5.8,5.8,4,,"46,007","35,014",221,"8,162","2,284",326
수원광명선,1707,경기,수원,권선,당수,금곡IC-동안산·당수IC,5.8~8.8,3,4,,"70,535","55,331",279,"11,823","2,720",382
수원광명선,1708,경기,수원,권선,당수,동안산·당수IC-남군포IC,8.8~11.4,2.6,4,,"85,172","68,863",400,"12,328","3,213",368
수원광명선,1709,경기,군포,,부곡,남군포IC-동시흥JCT,11.4~20.8,9.4,6,,"91,556","73,591",406,"14,354","2,828",377
수원광명선,1710,경기,광명,,가학,동시흥JCT-성채·소하IC,20.8~27.8,7,4,,"62,037","52,749",289,"7,301","1,540",158
서울문산선,1720,경기,고양,덕양,강매,남고양IC-봉대산JCT,0~1.9,1.9,4,,"42,932","32,157",585,"7,206","2,675",309
서울문산선,01720-1,경기,고양,덕양,현천,행주산성JCT-봉대산JCT,1.9~4.2,2.3,4,,"8,062","6,182",106,"1,288",445,41
서울문산선,1721,경기,고양,덕양,도내,봉대산JCT-흥도IC,4.2~5.9,1.7,6,,"50,994","38,379",691,"8,470","3,107",347
서울문산선,1722,경기,고양,덕양,성사,흥도IC-고양JCT,5.9~11.5,5.6,6,,"65,283","49,246",880,"10,769","3,934",454
서울문산선,1723,경기,고양,덕양,원당,고양JCT-사리현IC,11.5~14.3,2.8,6,,"91,511","68,770","1,249","15,231","5,623",638
서울문산선,1724,경기,고양,일산동,성석,사리현IC-북고양·설문IC,14.3~19.9,5.6,6,,"84,008","63,274","1,144","13,920","5,104",566
서울문산선,1725,경기,고양,일산동,설문,북고양·설문IC-금촌IC,19.9~23.4,3.5,4,,"59,087","44,713",800,"9,693","3,482",399
서울문산선,1726,경기,파주,월롱,영태,금촌IC-월롱IC,23.4~28.7,5.3,4,,"29,991","22,823",407,"4,864","1,709",188
서울문산선,1727,경기,파주,월롱,덕은,월롱IC-산단IC,28.7~32.8,4.1,4,,"20,032","15,300",269,"3,229","1,121",113
서울문산선,1728,경기,파주,문산,내포,산단IC-내포IC,32.8~35.2,2.4,2,,"10,063","7,619",140,"1,664",579,61
새만금포항선,02000-3,전북,완주,소양,황운,소양IC-진안IC,16.9~43.2,26.3,4,,"16,190","9,446",326,"2,792","2,533","1,093"
새만금포항선,02000-4,전북,진안,진안,반월,진안IC-장수IC,43.2~59,15.8,4,,"14,778","8,589",300,"2,556","2,325","1,008"
새만금포항선,2001,전북,장수,계남,호덕,장수IC-장수JCT,59~61.1,2.1,4,,"15,309","8,952",320,"2,630","2,374","1,033"
새만금포항선,02002-1,대구,,동,도,팔공산IC-도동JCT,0~0.1,0.1,4,,"27,843","21,351",285,"5,258",843,106
새만금포항선,2002,대구,,동,도,도동JCT-청통와촌IC,0.1~18,17.9,4,,"40,898","30,251",505,"6,531","2,547","1,064"
새만금포항선,2003,경북,영천,청통,죽정,청통와촌IC-화산JCT,18~26.5,8.5,4,,"34,475","25,549",430,"5,446","2,144",906
새만금포항선,02003-1,경북,영천,화산,가상,화산JCT-북영천IC,26.5~28.6,2.1,6,,"36,923","26,836",549,"4,837","3,143","1,558"
새만금포항선,2004,경북,영천,,매산,북영천IC-임고하이패스IC,28.6~37.6,9,6,,"35,596","25,840",524,"4,588","3,087","1,557"
새만금포항선,02004-1,경북,영천,임고,삼매,임고하이패스IC-서포항IC,37.6~59.4,21.8,6,,"34,971","25,396",516,"4,478","3,046","1,535"
새만금포항선,2005,경북,포항,기계,내단,서포항IC-포항IC,59.4~69.1,9.7,4,,"33,618","24,620",523,"4,271","2,809","1,395"
호남선,2501,전남,순천,서,비월,서순천IC-승주IC,0~10,10,4,,"35,770","25,871",797,"5,334","2,635","1,133"
호남선,2502,전남,순천,승주,봉덕,승주IC-주암IC,10~21.8,11.8,4,,"34,512","24,934",762,"5,172","2,550","1,094"
호남선,2503,전남,순천,주암,고산,주암IC-석곡IC,21.8~29.2,7.4,4,,"31,847","23,068",700,"4,770","2,312",997
호남선,2504,전남,곡성,석곡,능파,석곡IC-곡성IC,29.2~41.3,12.1,4,,"32,885","23,791",717,"4,940","2,400","1,037"
호남선,2505,전남,곡성,삼기,의암,곡성IC-옥과IC,41.3~52.7,11.4,4,,"36,310","26,476",796,"5,392","2,548","1,098"
호남선,02505-1,전남,곡성,오산,연화,옥과IC-대덕JCT,52.7~60.4,7.7,4,,"41,045","29,825",904,"6,172","2,890","1,254"
호남선,2506,전남,담양,대덕,운암,대덕JCT-창평IC,60.4~64.2,3.8,4,,"29,336","21,986",689,"4,260","1,795",606
호남선,2507,전남,담양,창평,의항,창평IC-고서JCT,64.2~68.3,4.1,4,,"31,515","23,256",757,"4,658","2,124",720
호남선,2508,전남,담양,고서,보촌,고서JCT- 문흥IC,68.3~73,4.7,6,,"48,816","37,440","1,185","6,956","2,596",639
호남선,02508-2,광주,,북,장,문흥IC-동광주IC,73~74.2,1.2,6,,"52,900","40,356","1,278","7,616","2,938",712
호남선,02508-1,광주,,북,문흥,동광주IC-용봉IC,74.2~77,2.8,4,,"94,950","72,038","2,327","13,816","5,478","1,291"
호남선,2509,광주,,북,용봉,용봉IC-서광주IC,77~78.4,1.4,5,,"120,389","90,972","2,991","17,604","7,195","1,627"
호남선,2510,광주,,북,매곡,서광주IC-동림IC,78.4~80.6,2.2,4,,"128,531","97,020","3,236","18,747","7,783","1,745"
호남선,02510-1,광주,,북,동림,동림IC-산월IC,80.6~83,2.4,4,,"98,161","74,305","2,499","14,303","5,760","1,294"
호남선,02510-2,광주,,광산,신창,산월IC-광산IC,83~85,2,4,,"58,040","43,589","1,509","8,568","3,598",776
호남선,02510-3,광주,,광산,비아,광산IC-북광산IC,85~87.1,2.1,4,,"43,272","32,488","1,127","6,382","2,696",579
호남선,2511,광주,장성,남면,월곡,북광산IC-장성IC,87.1~93.7,6.6,4,,"44,869","33,683","1,138","6,613","2,824",611
호남선,02511-1,전남,장성,장성,단광,장성IC-장성JCT,93.7~99,5.3,4,,"45,879","34,419","1,164","6,768","2,904",624
호남선,2512,전남,장성,장성,수산,장성JCT-백양사IC,99~111.1,12.1,4,,"40,343","26,398","1,017","6,413","5,886",629
호남선,2513,전남,장성,북이,신평,백양사IC-내장산IC,111.1~120.3,9.2,4,,"39,388","25,742",988,"6,223","5,807",628
호남선,2514,전북,정읍,입암,단곡,내장산IC-정읍IC,120.3~128.7,8.4,4,,"38,751","25,270",966,"6,113","5,772",630
호남선,2515,전북,정읍,,농소,정읍IC-태인IC,128.7~141.6,12.9,4,,"40,947","26,843","1,023","6,405","6,019",657
호남선,2516,전북,정읍,태인,오봉,태인IC-금산사IC,141.6~152.1,10.5,4,,"43,167","28,347","1,076","6,762","6,298",684
호남선,2517,전북,김제,금산,성계,금산사IC-김제IC,152.1~156.8,4.7,4,,"43,584","28,883","1,085","6,817","6,134",665
호남선,2518,전북,김제,금구,금구,김제IC-서전주IC,156.8~163.4,6.6,4,,"44,397","29,238","1,107","6,953","6,406",693
호남선,2519,전북,완주,이서,반교,서전주IC-전주IC,163.4~169.4,6,4,,"43,877","28,874","1,095","6,865","6,357",686
호남선,2520,전북,전주,덕진,용정,전주IC-삼례IC,169.4~175.5,6.1,4,,"50,940","33,545","1,283","7,975","7,343",794
호남선,2521,전북,익산,왕궁,온수,삼례IC-익산JCT,175.5~177.8,2.3,6,,"52,852","34,847","1,331","8,295","7,565",814
호남선,02521-1,전북,익산,왕궁,구덕,익산JCT-익산IC,177.8~181.5,3.7,8,,"77,386","50,142","2,254","10,619","11,737","2,634"
호남선,2522,전북,완주,봉동,재내,익산IC-논산JCT,181.5~194.2,12.7,8,,"80,320","52,071","2,338","11,024","12,156","2,731"
논산천안선,2525,충남,논산,연무,고내,논산JCT-연무IC,194.2~202.6,8.4,4,,"38,951","24,922","1,496","4,637","6,492","1,404"
논산천안선,2526,충남,논산,채운,화정,연무IC-서논산IC,202.6~211.3,8.7,4,,"43,787","28,022","1,680","5,216","7,296","1,573"
논산천안선,2527,충남,논산,광석,갈산,서논산IC-탄천IC,211.3~219.7,8.4,4,,"45,109","28,855","1,731","5,376","7,523","1,624"
논산천안선,2528,충남,공주,탄천,안영,탄천IC-남공주IC,219.7~234.2,14.5,4,,"45,065","28,835","1,731","5,367","7,515","1,617"
논산천안선,2529,충남,공주,,태봉,남공주IC-공주JCT,234.2~241.2,7,4,,"47,695","30,524","1,825","5,679","7,954","1,713"
논산천안선,02529-1,충남,공주,우성,도천,공주JCT-북공주JCT,241.2~243.4,2.2,4,,"53,911","37,555","1,911","6,560","6,717","1,168"
논산천안선,02529-2,충남,공주,우성,동곡,북공주JCT-정안IC,243.4~257.4,14,4,,"64,304","44,792","2,282","7,821","8,010","1,399"
논산천안선,2530,충남,공주,정안,사현,정안IC-남풍세IC,257.4~269.6,12.2,4,,"73,524","51,231","2,608","8,945","9,156","1,584"
논산천안선,02530-1,충남,천안,풍세,가송,남풍세IC-남천안IC,269.6~273.7,4.1,4,,"67,367","46,920","2,387","8,197","8,396","1,467"
논산천안선,2531,충남,천안,목천,삼성,남천안IC-천안JCT,273.7~275.1,1.4,4,,"72,898","50,780","2,583","8,869","9,090","1,576"
순천완주선,2701,전남,순천,,왕지,동순천IC-순천JCT,0~5.1,5.1,4,,"16,381","10,667",514,"1,668","2,449","1,083"
순천완주선,2702,전남,순천,서,청소,순천JCT-황전IC,5.1~24.5,19.4,4,,"25,608","16,356",641,"2,850","3,999","1,762"
순천완주선,2703,전남,구례,구례,산성,황전IC-구례화엄사IC,24.5~37.3,12.8,4,,"23,245","14,829",584,"2,586","3,645","1,601"
순천완주선,2704,전북,남원,수지,산정,구례화엄사IC-서남원IC,37.3~52.1,14.8,4,,"25,831","16,446",658,"2,882","4,061","1,784"
순천완주선,2705,전북,남원,주생,제천,서남원IC-남원JCT,52.1~57.8,5.7,4,,"27,655","17,642",711,"3,088","4,319","1,895"
순천완주선,2706,전북,남원,대산,운교,남원JCT-북남원IC,57.8~61.6,3.8,4,,"25,633","16,303",556,"3,005","4,012","1,757"
순천완주선,2707,전북,임실,오수,오산,북남원IC-오수IC,61.6~75.3,13.7,4,,"26,748","16,943",578,"3,154","4,231","1,842"
순천완주선,2708,전북,임실,성수,봉강,오수IC-임실IC,75.3~85.1,9.8,4,,"30,354","19,246",657,"3,588","4,793","2,070"
순천완주선,2709,전북,임실,관촌,덕천,임실IC-상관IC,85.1~103,17.9,4,,"31,766","20,154",691,"3,766","4,989","2,166"
순천완주선,2710,전북,전주,완산,색장,상관IC-동전주IC,103~112.8,9.8,4,,"27,552","17,362",592,"3,271","4,419","1,908"
순천완주선,2711,전북,완주,용진,상삼,동전주IC-완주JCT,112.8~117.3,4.5,4,,"24,714","15,692",530,"2,910","3,899","1,683"
세종포천선,2901,경기,,중랑,망우,남구리IC-중랑IC,0~5.3,5.3,6,,"64,289","46,454",937,"11,621","4,589",688
세종포천선,2902,경기,남양주,퇴계원,퇴계원,중랑IC-남별내IC,5.3~12.6,7.3,6,,"70,928","51,089","1,039","12,784","5,199",817
세종포천선,2903,경기,남양주,별내,광전,남별내IC-동의정부IC,12.6~19.2,6.6,6,,"70,226","50,682","1,020","12,589","5,143",792
세종포천선,2904,경기,의정부,,산곡,동의정부IC-민락IC,19.2~22.5,3.3,6,,"75,332","54,352","1,093","13,490","5,544",853
세종포천선,2905,경기,의정부,,자일,민락IC-소흘IC,22.5~28.3,5.8,6,,"61,470","44,547",886,"10,805","4,521",711
세종포천선,2906,경기,포천,소흘,무봉,소흘IC-소흘JCT,28.3~30.5,2.2,6,,"56,552","41,082",808,"9,914","4,121",627
세종포천선,2907,경기,포천,소흘,이가팔,소흘JCT-선단IC,30.5~35,4.5,4,,"44,024","31,214",576,"6,518","4,775",941
세종포천선,2908,경기,포천,군내,유교,선단IC-포천IC,35~41,6,4,,"34,945","24,865",453,"5,134","3,755",738
세종포천선,2909,경기,포천,군내,하성북,포천IC-신북IC,41~44.6,3.6,4,,"28,637","20,307",377,"4,238","3,112",603
세종포천선,02906-1,경기,포천,소흘,송우,소흘JCT-옥정IC,0~4.2,4.2,4,,"12,573","8,457",59,"2,969",971,117
세종포천선,02906-2,경기,양주,,회암,옥정IC-양주IC,4.2~6,1.8,4,,"10,330","7,047",48,"2,376",764,95
당진영덕선,03000-1,충남,당진,,사기소,당진JCT-면천IC,0~4,4,4,,"22,287","14,111",296,"2,982","3,522","1,376"
당진영덕선,03000-2,충남,당진,면천,성하,면천IC-고덕IC,4~12.7,8.7,4,,"23,730","14,876",307,"3,192","3,858","1,497"
당진영덕선,03000-3,충남,예산,고덕,대천,고덕IC-예산수덕사IC,12.7~24.4,11.7,4,,"22,209","13,944",288,"2,981","3,601","1,395"
당진영덕선,03000-4,충남,예산,오가,월곡,예산수덕사IC-신양IC,24.4~36.9,12.5,4,,"26,642","16,656",337,"3,587","4,370","1,692"
당진영덕선,03000-5,충남,예산,신양,차동,신양IC-유구IC,36.9~47.4,10.5,4,,"28,259","17,648",357,"3,807","4,640","1,807"
당진영덕선,03000-6,충남,공주,유구,유구,유구IC-마곡사IC,47.4~56.6,9.2,4,,"30,615","19,216",392,"4,104","4,967","1,936"
당진영덕선,03000-7,충남,공주,사곡,신영,마곡사IC-서공주JCT,56.6~60.4,3.8,4,,"31,941","20,191",412,"4,249","5,081","2,008"
당진영덕선,03000-8,충남,공주,우성,상서,서공주JCT-공주JCT,60.4~63,2.6,4,,"50,736","34,465",642,"7,612","5,786","2,231"
당진영덕선,03000-9,충남,공주,우성,신웅,공주JCT-공주IC,63~65.9,2.9,4,,"35,621","25,355",458,"5,632","3,027","1,149"
당진영덕선,03000-10,세종,,장군,송선,공주IC-서세종IC,65.9~72.9,7,4,,"39,746","28,047",500,"6,369","3,507","1,323"
당진영덕선,03000-11,세종,,,한솔,서세종IC-남세종IC,72.9~85.5,12.6,4,,"36,695","25,839",464,"5,890","3,267","1,235"
당진영덕선,03000-12,대전,,유성,안산,남세종IC-유성JCT,85.5~91.6,6.1,4,,"46,190","32,674",592,"7,355","4,057","1,512"
당진영덕선,3001,충북,청주,남이,척산,청주JCT-문의IC,0~8.1,8.1,4,,"40,085","20,411",510,"6,606","9,646","2,912"
당진영덕선,3002,충북,청원,문의,국전,문의IC-회인IC,8.1~18.8,10.7,4,,"46,498","23,768",593,"7,666","11,133","3,338"
당진영덕선,3003,충북,보은,회인,부수,회인IC-보은IC,18.8~29.6,10.8,4,,"45,408","23,185",578,"7,490","10,885","3,270"
당진영덕선,3004,충북,보은,보은,지산,보은IC-속리산IC,29.6~35.6,6,4,,"42,242","21,410",537,"6,979","10,241","3,075"
당진영덕선,3005,충북,보은,탄부,상장,속리산IC-화서IC,35.6~51.8,16.2,4,,"40,701","20,607",522,"6,724","9,879","2,969"
당진영덕선,3006,경북,상주,화서,신봉,화서IC-남상주IC,51.8~70.8,19,4,,"39,317","19,887",500,"6,502","9,549","2,879"
당진영덕선,3007,경북,상주,,양촌,남상주IC-낙동JCT,70.8~79.4,8.6,4,,"40,188","20,313",513,"6,642","9,780","2,940"
당진영덕선,3009,경북,상주,낙동,구잠,상주JCT-동상주IC,79.4~81.4,2,4,,"8,076","5,708",140,"1,341",794,93
당진영덕선,3010,경북,의성,단밀,생송,동상주IC-서의성IC,81.4~92.3,10.9,4,,"10,630","7,499",183,"1,773","1,049",126
당진영덕선,3011,경북,의성,안계,도덕,서의성IC-안동JCT,92.3~112.3,20,4,,"9,807","6,925",169,"1,633",967,113
당진영덕선,3012,경북,의성,단촌,세촌,안동JCT-북의성IC,112.3~118.4,6.1,4,,"11,656","8,999",170,"1,735",668,84
당진영덕선,3013,경북,의성,점곡,사촌,북의성IC-동안동IC,118.4~137.6,19.2,4,,"11,113","8,575",162,"1,660",635,81
당진영덕선,3014,경북,안동,길안,배방,동안동IC-청송IC,137.6~150.8,13.2,4,,"13,477","10,412",198,"2,006",765,96
당진영덕선,3015,경북,청송,파천,옹점,청송IC-동청송·영양IC,150.8~160.5,9.7,4,,"10,567","8,182",154,"1,556",599,76
당진영덕선,3016,경북,영덕,지품,송천,동청송·영양IC-영덕IC,160.5~187.4,26.9,4,,"9,063","7,016",130,"1,323",524,70
옥산오창선,3200,충북,청주,옥산,호죽,옥산JC-서오창IC,0~6.5,6.5,4,,"13,321","8,802",296,"2,471","1,460",292
옥산오창선,3201,충북,청주,오창,성산,서오창IC-오창JC,6.5~12.1,5.6,4,,"7,636","4,485",116,"1,588","1,213",234
중부선,03501-1,경남,통영,용남,동달,통영IC-북통영IC,0~4.4,4.4,4,,"22,500","17,192",533,"3,398",912,465
중부선,03501-2,경남,통영,광도,죽림,북통영IC-동고성IC,4.4~14.6,10.2,4,,"31,171","23,787",712,"4,789","1,244",639
중부선,03501-3,경남,고성,거류,은월,동고성IC-고성IC,14.6~19.7,5.1,4,,"31,091","23,661",720,"4,809","1,261",640
중부선,03501-4,경남,고성,마암,두호,고성IC-연화산IC,19.7~37,17.3,4,,"22,885","17,400",526,"3,562",922,475
중부선,03501-5,경남,고성,영오,오서,연화산IC-진주JCT,37~47.9,10.9,4,,"22,011","16,723",509,"3,430",893,456
중부선,3501,경남,진주,정촌,화개,진주JCT-서진주IC,47.9~55.4,7.5,4,,"35,540","23,167","1,101","4,520","4,616","2,136"
중부선,3502,경남,진주,,판문,서진주IC-단성IC,55.4~70.9,15.5,4,,"30,243","19,856",947,"3,823","3,806","1,811"
중부선,3503,경남,산청,단성,사월,단성IC-산청IC,70.9~89.5,18.6,4,,"28,885","18,910",897,"3,654","3,684","1,740"
중부선,3504,경남,산청,금서,특,산청IC-생초IC,89.5~96.9,7.4,4,,"28,695","18,638",877,"3,664","3,759","1,757"
중부선,3505,경남,산청,생초,평촌,생초IC-함양JCT,96.9~105.2,8.3,4,,"29,037","18,748",867,"3,696","3,849","1,877"
중부선,3506,경남,함양,지곡,공배,함양JCT-지곡IC,105.2~111.6,6.4,4,,"30,201","18,774","1,017","3,854","4,941","1,615"
중부선,3507,경남,함양,지곡,마산,지곡IC-서상IC,111.6~125.5,13.9,4,,"29,918","18,555","1,002","3,824","4,933","1,604"
중부선,3508,경남,함양,서상,옥산,서상IC-장수JCT,125.5~135.1,9.6,4,,"31,137","19,362","1,050","3,965","5,101","1,659"
중부선,3509,전북,장수,장계,삼봉,장수JCT-덕유산IC,135.1~149.6,14.5,4,,"21,633","15,103",946,"2,755","2,224",605
중부선,3510,전북,무주,안성,죽천,덕유산IC-무주IC,149.6~165.6,16,4,,"21,914","15,289",950,"2,791","2,270",614
중부선,3511,전북,무주,무주,가옥,무주IC-금산IC,165.6~184.7,19.1,4,,"25,273","17,587","1,081","3,239","2,640",726
중부선,3512,충남,금산,제원,수당,금산IC-추부IC,184.7~196,11.3,4,,"28,771","19,988","1,210","3,712","3,031",830
중부선,3513,충남,금산,추부,자부,추부IC-남대전IC,196~204.4,8.4,4,,"33,313","23,237","1,418","4,309","3,409",940
중부선,3514,대전,,동,구도,남대전IC-산내JCT,204.4~207.7,3.3,4,,"41,144","28,639","1,759","5,352","4,224","1,170"
중부선,3515,대전,,동,대별,산내JCT-판암IC,207.7~211.9,4.2,4,,"52,231","36,552","1,244","8,321","5,391",723
중부선,3516,대전,,동,삼정,판암IC-비룡JCT,211.9~215.3,3.4,4,,"56,626","39,510","1,353","9,006","5,964",793
중부선,3522,충북,청주,흥덕,석곡,남이JCT-서청주IC,215.3~221.3,6,4,,"67,382","43,521","1,167","10,919","9,414","2,361"
중부선,3523,충북,청주,흥덕,향정,서청주IC-오창IC,221.3~228.7,7.4,4,,"69,258","44,707","1,217","11,128","9,735","2,471"
중부선,03523-1,충북,청원,오창,상평,오창IC-오창JCT,228.7~232.2,3.5,4,,"69,744","45,115","1,222","11,301","9,678","2,428"
중부선,3524,충북,청원,오창,장대,오창JCT-증평IC,232.2~237.1,4.9,4,,"76,305","48,950","1,283","12,702","10,851","2,519"
중부선,3525,충북,진천,초평,연담,증평IC-진천IC,237.1~249.1,12,4,,"73,562","47,226","1,226","12,266","10,420","2,424"
중부선,3526,충북,진천,진천,가산,진천IC-대소JCT,249.1~257.6,8.5,4,,"67,939","43,538","1,099","11,342","9,679","2,281"
중부선,03526-1,충북,음성,대소,삼호,대소JCT-대소IC,257.6~261.8,4.2,4,,"61,339","39,565",956,"11,405","8,078","1,335"
중부선,03526-2,충북,음성,삼성,용성,대소IC-삼성하이패스IC,261.8~266.5,4.7,4,,"59,446","38,337",916,"11,048","7,830","1,315"
중부선,3527,충북,음성,삼성,청용,삼성하이패스IC-일죽IC,266.5~274.7,8.2,4,,"63,981","41,431",975,"11,853","8,341","1,381"
중부선,03527-1,경기,안성,일죽,고은,일죽IC-남이천IC,274.7~285.4,10.7,4,,"73,690","48,193","1,117","13,592","9,339","1,449"
중부선,3528,경기,이천,호법,송갈,남이천IC-호법JCT,285.4~291.4,6,4,,"80,015","52,536","1,192","14,682","10,038","1,567"
중부선,3529,경기,이천,호법,안평,호법JCT-마장JCT,291.4~293.8,2.4,8,,"96,201","63,257","1,674","22,714","7,178","1,378"
중부선,3530,경기,이천,마장,표교,마장JCT-서이천IC,293.8~297.1,3.3,4,,"42,009","26,140",886,"9,339","4,659",985
중부선,3531,경기,이천,신둔,고척,서이천IC-곤지암JCT,297.1~301.7,4.6,4,,"53,491","33,214","1,137","11,941","5,948","1,251"
중부선,03531-1,경기,광주,도척,궁평,곤지암JCT-곤지암IC,301.7~307.8,6.1,4,,"52,083","35,048","1,060","11,241","4,156",578
중부선,3532,경기,광주,실촌,삼,곤지암IC-경기광주JCT,307.8~310.9,3.1,4,,"47,912","32,256",970,"10,332","3,822",532
중부선,03532-1,경기,광주,초월,선동,경기광주JCT-경기광주IC,310.9~319.9,9,4,,"61,848","43,088","1,194","13,272","3,985",309
중부선,3533,경기,광주,중부,상번천,경기광주IC-산곡JCT,319.9~324.9,5,4,,"76,738","53,008","1,485","16,734","5,107",404
중부선,3534,경기,하남,,상산곡,산곡JCT-하남IC,324.9~330.1,5.2,8,,"142,920","99,399","3,102","31,565","7,517","1,337"
중부선,3535,경기,하남,,천현,하남IC-하남JCT,330.1~332.5,2.4,8,,"148,538","102,914","3,217","33,006","7,955","1,446"
제2중부선,3701,경기,이천,마장,표교,마장JCT-경기광주JCT,0~17.6,17.6,4,,"51,382","34,746",936,"8,946","5,793",961
제2중부선,3702,경기,광주,초월,지월,경기광주JCT-산곡JCT,17.6~31.1,13.5,4,,"71,110","49,948","1,369","11,150","7,449","1,194"
평택제천선,4001,경기,평택,청북,고잔,서평택JCT-청북IC,0~2.8,2.8,6,,"95,989","53,792","1,533","17,908","18,326","4,430"
평택제천선,4002,경기,평택,청북,삼계,청북IC-평택JCT,2.8~8,5.2,6,,"101,141","56,556","1,616","18,976","19,342","4,651"
평택제천선,04002-1,경기,평택,오성,양교,평택JCT-평택고덕IC,8~13.7,5.7,6,,"76,838","40,981","2,225","16,150","13,458","4,024"
평택제천선,04002-2,경기,평택,고덕,궁,평택고덕IC-송탄IC,13.7~20.9,7.2,6,,"69,975","37,368","2,080","14,651","12,244","3,632"
평택제천선,4003,경기,안성,원곡,내가천,송탄IC-안성JCT,20.9~23.7,2.8,6,,"75,486","40,272","2,102","16,264","12,983","3,865"
평택제천선,4004,경기,안성,원곡,외가천,안성JCT-서안성IC,23.7~25.7,2,6,,"76,503","45,549",512,"14,268","13,288","2,886"
평택제천선,4005,경기,안성,원곡,반제,서안성IC-남안성IC,25.7~35.9,10.2,4,,"61,846","36,834",415,"11,515","10,748","2,334"
평택제천선,4006,경기,안성,미양,보체,남안성IC-북진천IC,35.9~55.8,19.9,4,,"53,112","31,563",353,"9,933","9,259","2,004"
평택제천선,4007,충북,진천,광혜원,죽현,북진천IC-대소JCT,55.8~57.9,2.1,4,,"43,814","26,016",288,"8,192","7,656","1,662"
평택제천선,4008,충북,음성,대소,미곡,대소JCT-금왕꽃동네IC,57.9~65.1,7.2,4,,"45,604","26,965",477,"6,702","7,728","3,732"
평택제천선,4009,충북,음성,금왕,상봉,금왕꽃동네IC-음성IC,65.1~72.4,7.3,4,,"39,718","23,533",409,"5,820","6,704","3,252"
평택제천선,4010,충북,음성,생극,육령,음성IC-서충주IC,72.4~77.8,5.4,4,,"35,846","21,193",368,"5,242","6,076","2,967"
평택제천선,4011,충북,충주,신니,모남,서충주IC-충주JCT,77.8~85.5,7.7,4,,"31,993","18,833",330,"4,668","5,449","2,713"
평택제천선,4012,충북,충주,노은,문성,충주JCT-노은JCT,85.5~90.9,5.4,4,,"26,668","16,149",327,"3,574","4,126","2,492"
평택제천선,4013,충북,충주,노은,신효,노은JCT-동충주IC,90.9~103.2,12.3,4,,"27,757","17,330",415,"3,186","3,704","3,122"
평택제천선,4014,충북,충주,엄정,율능,동충주IC-제천JCT,103.2~126.9,23.7,4,,"22,205","13,923",337,"2,548","2,938","2,459"
중부내륙선,4501,경남,창원시,마산회원,호계,내서JCT-칠원JCT,0~3.5,3.5,4,,"23,641","15,242",444,"4,121","3,221",613
중부내륙선,04501-1,경남,함안,칠서,부곡,칠원JCT-칠서IC,3.5~8.7,5.2,4,,"58,073","29,315",977,"9,519","11,995","6,267"
중부내륙선,4502,경남,함안,칠서,천계,칠서IC-남지IC,8.7~17.5,8.8,4,,"52,776","26,401",863,"8,597","11,057","5,858"
중부내륙선,4503,경남,창녕,남지,남지,남지IC-영산IC,17.5~24.4,6.9,4,,"51,075","25,456",829,"8,307","10,797","5,686"
중부내륙선,4504,경남,창녕,계성,봉산,영산IC-창녕IC,24.4~36,11.6,4,,"51,789","25,948",843,"8,426","10,906","5,666"
중부내륙선,4505,경남,창녕,창녕,직교,창녕IC-현풍JCT,36~52.4,16.4,4,,"51,824","25,933",835,"8,432","10,947","5,677"
중부내륙선,4506,대구,달성,현풍,지동,현풍JCT-고령JCT,52.4~63.1,10.7,4,,"32,313","15,083",485,"5,192","7,685","3,868"
중부내륙선,04506-1,경북,고령,성산,강정,고령JCT-남성주IC,63.1~73.7,10.6,4,,"31,563","13,343",418,"5,033","8,687","4,082"
중부내륙선,04506-2,경북,성주,용암,본리,남성주IC-성주IC,73.7~85.6,11.9,4,,"30,024","12,608",394,"4,773","8,327","3,922"
중부내륙선,04506-3,경북,성주,대가,옥성,성주IC-남김천IC,85.6~102.3,16.7,4,,"28,466","11,876",369,"4,517","7,954","3,750"
중부내륙선,04506-4,경북,김천,남,월명,남김천IC-김천JCT,102.3~114.4,12.1,4,,"28,115","11,645",368,"4,437","7,898","3,767"
중부내륙선,4507,경북,김천,아포,국사,김천JCT-선산IC,114.4~123.4,9,4,,"53,380","28,993",883,"8,451","11,376","3,677"
중부내륙선,04507-1,경북,구미,선산,봉곡,선산IC-낙동JCT,123.4~139,15.6,4,,"55,338","29,989",911,"8,748","11,835","3,855"
중부내륙선,4508,경북,상주,낙동,유곡,낙동JCT-상주IC,139~146.4,7.4,4,,"55,306","32,783","1,272","7,775","10,673","2,803"
중부내륙선,04508-1,경북,상주,,헌신,상주IC-북상주IC,146.4~159.4,13,4,,"53,603","31,772","1,223","7,519","10,366","2,723"
중부내륙선,04508-2,경북,상주,공검,역곡,북상주IC-점촌함창IC,159.4~166.9,7.5,4,,"53,235","31,492","1,212","7,511","10,310","2,710"
중부내륙선,04508-3,경북,상주,함창,나한,점촌함창IC-문경새재IC,166.9~180.9,14,4,,"54,911","32,397","1,244","7,756","10,699","2,815"
중부내륙선,04508-4,경북,문경,마성,남호,문경새재IC-연풍IC,180.9~194.9,14,4,,"54,023","31,929","1,214","7,612","10,503","2,765"
중부내륙선,04508-5,충북,괴산,연풍,적석,연풍IC-괴산IC,194.9~209.1,14.2,4,,"53,393","31,594","1,190","7,524","10,363","2,722"
중부내륙선,04509-1,충북,괴산,장연,조곡,괴산IC-충주IC,209.1~224.6,15.5,4,,"52,558","31,161","1,170","7,412","10,148","2,667"
중부내륙선,4509,충북,충주,이류,완오,충주IC-북충주IC,224.6~233.8,9.2,4,,"55,166","32,675","1,219","7,792","10,676","2,804"
중부내륙선,4510,충북,충주,노은,수룡,북충주IC-충주JCT,233.8~239,5.2,4,,"59,324","35,347","1,315","8,373","11,302","2,987"
중부내륙선,04510-1,충북,충주,노은,연하,충주JCT-감곡IC,239~251.1,12.1,4,,"72,227","52,818","1,488","9,393","6,636","1,892"
중부내륙선,4511,충북,음성,감곡,상우,감곡IC-여주JCT,251.1~265.6,14.5,4,,"78,351","57,538","1,608","10,180","7,025","2,000"
중부내륙선,4512,경기,여주,가남,본두,여주JCT-남여주IC,265.6~268,2.4,4,,"20,430","15,118",209,"3,010","1,796",297
중부내륙선,04512-1,경기,여주,능서,구양,남여주IC-서여주IC,268~273.8,5.8,4,,"15,449","11,402",155,"2,294","1,366",232
중부내륙선,4513,경기,여주,능서,구양,서여주IC-북여주IC,273.8~283.2,9.4,4,,"15,470","11,370",158,"2,312","1,391",239
중부내륙선,4514,경기,양평,강상,세월,북여주IC-남양평하이패스IC,283.2~296.7,13.5,4,,"11,739","8,691",120,"1,736","1,021",171
중부내륙선,04514-1,경기,양평,옥천,아신,남양평하이패스IC-양평IC,296.7~301.7,5,4,,"8,016","5,979",81,"1,177",671,108
영동선,5002,인천,,남동,서창,서창JCT-월곶JCT,0~6,6,6,,"145,465","96,475","1,325","28,044","16,006","3,615"
영동선,5003,경기,시흥,,월곶,월곶JCT-군자JCT,6~8,2,6,,"161,233","111,617","1,278","28,882","15,207","4,249"
영동선,05003-1,경기,시흥,,거모,군자JCT-서안산IC,8~12.5,4.5,6,,"97,292","69,443",659,"16,375","8,071","2,744"
영동선,5004,경기,안산,단원,선부,서안산IC-안산IC,12.5~15.9,3.4,6,,"133,353","95,562",888,"22,234","10,950","3,719"
영동선,5005,경기,안산,상록,양상,안산IC-안산JCT,15.9~18,2.1,9,,"142,997","102,320",958,"23,861","11,868","3,990"
영동선,5006,경기,안산,상록,부곡,안산JCT-둔대JCT,18~22.7,4.7,6,,"144,118","103,854","1,116","23,992","11,157","3,999"
영동선,05006-1,경기,군포,,둔대,둔대JCT-군포IC,22.7~24.4,1.7,6,,"156,903","113,560","1,381","26,148","11,415","4,399"
영동선,5007,경기,군포,,대야미,군포IC-동군포IC,24.4~26,1.6,6,,"152,430","110,357","1,335","25,400","11,066","4,272"
영동선,5008,경기,의왕,,부곡,동군포IC-부곡IC,26~28,2,6,,"158,933","115,178","1,411","26,433","11,474","4,437"
영동선,5009,경기,의왕,,삼,부곡IC-북수원IC,28~30.8,2.8,6,,"162,961","118,095","1,444","27,111","11,769","4,542"
영동선,5010,경기,수원,장안,파장,북수원IC-동수원IC,30.8~36.9,6.1,8,,"182,679","132,447","1,645","30,360","13,161","5,066"
영동선,5011,경기,수원,영통,이의,동수원IC-신갈JCT,36.9~41.8,4.9,8,,"170,571","123,430","1,562","28,644","12,207","4,728"
영동선,5012,경기,용인,기흥,신갈,신갈JCT-마성IC,41.8~48.4,6.6,10,,"168,970","124,635","4,847","24,179","12,239","3,070"
영동선,5013,경기,용인,포곡,마성,마성IC-서용인JCT,48.4~50,1.6,10,,"165,673","121,679","4,756","24,012","12,178","3,048"
영동선,05013-1,경기,용인,처인,유방,서용인JCT-용인IC,50~52.5,2.5,10,,"163,480","111,495","5,131","24,390","18,163","4,301"
영동선,5014,경기,용인,처인,유방,용인IC-양지IC,52.5~60.5,8,8,,"146,476","99,907","4,599","21,849","16,267","3,854"
영동선,5015,경기,용인,양지,양지,양지IC-덕평IC,60.5~67.6,7.1,8,,"126,498","86,445","3,996","18,791","13,964","3,302"
영동선,5016,경기,이천,마장,각평,덕평IC-호법JCT,67.6~73.2,5.6,8,,"121,586","82,947","3,820","18,118","13,512","3,189"
영동선,5017,경기,이천,호법,안평,호법JCT-이천IC,73.2~79.6,6.4,8,,"136,366","93,260","4,485","18,578","16,303","3,740"
영동선,5018,경기,이천,대월,사동,이천IC-여주JCT,79.6~88.3,8.7,8,,"124,492","85,359","4,087","16,962","14,692","3,392"
영동선,05018-1,경기,여주,가남,본두,여주JCT-여주IC,88.3~94.5,6.2,4,,"52,720","37,084","1,632","6,922","6,045","1,037"
영동선,5019,경기,여주,,점봉,여주IC-문막IC,94.5~114.5,20,4,,"45,072","31,792","1,408","5,862","5,131",879
영동선,5020,강원,원주,문막,문막,문막IC-만종JCT,114.5~123.6,9.1,4,,"39,611","27,902","1,242","5,176","4,513",778
영동선,5021,강원,원주,지정,신평,만종JCT-원주JCT,123.6~127.4,3.8,4,,"26,553","17,784",794,"3,509","3,712",754
영동선,05021-1,강원,원주,,가현,원주JCT-원주IC,127.4~130.2,2.8,4,,"43,881","33,384","1,434","4,886","3,489",688
영동선,5022,강원,원주,,태장2,원주IC-새말IC,130.2~142.9,12.7,4,,"43,390","33,071","1,414","4,825","3,409",671
영동선,5023,강원,횡성,우천,우항,새말IC-둔내IC,142.9~160,17.1,4,,"38,900","29,687","1,262","4,281","3,064",606
영동선,5024,강원,횡성,둔내,우용,둔내IC-동둔내하이패스IC,160~167.3,7.3,4,,"36,152","27,529","1,175","3,983","2,895",570
영동선,05024-1,강원,평찬,봉평,진조,동둔내하이패스IC-면온IC,167.3~177,9.7,4,,"37,018","28,183","1,199","4,075","2,969",592
영동선,5025,강원,평창,봉평,면온,면온IC-평창IC,177~182.7,5.7,4,,"35,325","26,912","1,144","3,874","2,835",560
영동선,5026,강원,평창,용평,백옥포,평창IC-속사IC,182.7~191.9,9.2,4,,"34,408","26,291","1,118","3,739","2,722",538
영동선,5027,강원,평창,용평,속사,속사IC-진부IC,191.9~199,7.1,4,,"34,869","26,604","1,132","3,799","2,781",553
영동선,5028,강원,평창,진부,상진부,진부IC-대관령IC,199~211.8,12.8,4,,"32,352","24,654","1,049","3,525","2,604",520
영동선,5029,강원,평창,대관령,횡계,대관령IC-강릉JCT,211.8~234.4,22.6,4,,"33,244","25,296","1,084","3,617","2,703",544
광주원주선,5201,경기,광주,초월,학동,초월IC·경기광주JCT-동곤지암IC,0~8.3,8.3,4,,"59,990","50,398","1,043","6,198","1,942",409
광주원주선,5202,경기,여주,금사,도곡,동곤지암IC-흥천이포IC,8.3~18.5,10.2,4,,"53,190","45,998",598,"4,710","1,541",343
광주원주선,5203,경기,여주,대신,보통,흥천이포IC-대신IC,18.5~24.5,6,4,,"47,061","39,554",811,"4,857","1,528",311
광주원주선,5204,경기,여주,대신,장풍,대신IC-동여주IC,24.5~33.1,8.6,4,,"44,945","37,758",774,"4,647","1,470",296
광주원주선,5205,경기,여주,북내,서원,동여주IC-동양평IC,33.1~40.3,7.2,4,,"43,014","35,411","1,226","4,327","1,766",284
광주원주선,5206,강원,원주,지정,판대,동양평IC-서원주IC,40.3~48.7,8.4,4,,"41,678","34,292","1,186","4,204","1,718",278
광주원주선,5207,강원,원주,지정,월송,서원주IC-신평JCT,48.7~52.7,4,4,,"42,497","36,672",671,"3,525","1,291",338
광주원주선,5208,강원,원주,,가현,신평JCT-원주JCT,52.7~56.9,4.2,4,,"18,509","15,233",523,"1,861",768,124
중앙선,5501,부산,,사상,삼락,시점-대저JCT,0~3.1,3.1,4,,"64,893","43,933",478,"13,023","4,817","2,642"
중앙선,5502,경남,김해,대동,초정,대저JCT-초정IC,3.1~4.5,1.4,4,,"71,436","48,997",689,"11,275","7,794","2,681"
중앙선,05502-1,경남,김해,대동,예안,초정IC-대감JCT,4.5~8.9,4.4,4,,"110,492","75,782","1,063","17,440","12,044","4,163"
중앙선,05502-2,경남,김해,대동,대감,대감JCT-대동JCT,8.9~10.1,1.2,4,,"98,224","67,374",940,"15,437","10,724","3,749"
중앙선,5506,대구,,북,금호,금호JCT-칠곡IC,92.1~96.9,4.8,4,,"49,606","36,517",825,"8,270","3,006",988
중앙선,5507,대구,,북,관음,칠곡IC-동명동호JCT,96.9~102.1,5.2,4,,"42,884","31,538",705,"7,177","2,597",867
중앙선,05507-1,경북,칠곡,동명,가천,동명동호JCT-다부IC,102.1~110.8,8.7,4,,"57,341","41,806","1,012","9,332","3,948","1,243"
중앙선,5508,경북,칠곡,가산,다부,다부IC-가산IC,110.8~117,6.2,4,,"54,605","39,778",962,"8,897","3,780","1,188"
중앙선,5509,경북,칠곡,가산,천평,가산IC-군위JCT,117~124.8,7.8,4,,"43,621","31,774",760,"7,085","3,042",960
중앙선,05509-1,경북,군위,군위,수서,군위JCT-군위IC,124.8~129.2,4.4,4,,"47,332","34,066",885,"7,474","3,773","1,134"
중앙선,5510,경북,군위,군위,수서,군위IC-의성IC,129.2~140.2,11,4,,"43,483","31,201",806,"6,861","3,534","1,081"
중앙선,5511,경북,의성,봉양,도원,의성IC-안동JCT,140.2~158.1,17.9,4,,"39,748","28,445",728,"6,260","3,292","1,023"
중앙선,05511-1,경북,안동,일직,용각,안동JCT-남안동IC,158.1~162.9,4.8,4,,"31,735","21,208",927,"4,855","3,577","1,168"
중앙선,5512,경북,안동,일직,조탑,남안동IC-서안동IC,162.9~177.9,15,4,,"25,908","17,192",743,"3,980","3,003",990
중앙선,5513,경북,안동,풍산,노,서안동IC-예천IC,177.9~191.2,13.3,4,,"22,694","15,100",650,"3,469","2,617",858
중앙선,5514,경북,예천,보문,작곡,예천IC-영주IC,191.2~203.3,12.1,4,,"22,358","14,897",642,"3,406","2,566",847
중앙선,5515,경북,영주,장수,화기,영주IC-풍기IC,203.3~213.5,10.2,4,,"18,126","12,143",522,"2,741","2,051",669
중앙선,5516,경북,영주,봉현,대촌,풍기IC-단양IC,213.5~230.5,17,4,,"23,199","15,448",663,"3,517","2,686",885
중앙선,5517,충북,단양,대강,두음,단양IC-북단양IC,230.5~244.7,14.2,4,,"21,288","14,213",607,"3,220","2,440",808
중앙선,5518,충북,단양,적성,각기,북단양IC-남제천IC,244.7~256.7,12,4,,"25,550","16,926",711,"3,883","3,014","1,016"
중앙선,5519,충북,제천,금성,월림,남제천IC-제천JCT,256.7~257.8,1.1,4,,"23,614","15,651",658,"3,588","2,786",931
중앙선,05519-1,충북,제천,금성,월림,제천JCT-제천IC,257.8~265,7.2,4,,"17,766","13,840",461,"1,864",952,649
중앙선,5520,충북,제천,봉양,장평,제천IC-신림IC,265~277.8,12.8,4,,"35,433","27,380",917,"3,755","1,981","1,400"
중앙선,5521,강원,원주,신림,신림,신림IC-남원주IC,277.8~296.4,18.6,4,,"35,099","27,087",902,"3,746","1,962","1,402"
중앙선,5522,강원,원주,,무실,남원주IC-만종JCT,296.4~301.3,4.9,4,,"45,889","35,473","1,200","4,860","2,553","1,803"
중앙선,5523,강원,원주,지정,만종,만종JCT-신평JCT,301.3~303.9,2.6,4,,"35,316","26,609",839,"4,192","2,518","1,158"
중앙선,05523-1,강원,원주,호저,무장,신평JCT-북원주IC,303.9~309.1,5.2,4,,"24,692","18,008",502,"3,498","2,294",390
중앙선,5524,강원,원주,호저,주산,북원주IC-횡성IC,309.1~319.8,10.7,4,,"25,721","19,772",494,"3,407","1,761",287
중앙선,5525,강원,횡성,횡성,학곡,횡성IC-홍천IC,319.8~345.4,25.6,4,,"24,014","18,394",460,"3,202","1,671",287
중앙선,5526,강원,홍천,홍천,하오안,홍천IC-춘천JCT,345.4~356.1,10.7,4,,"27,400","22,135",489,"3,479","1,210",87
중앙선,5527,강원,춘천,동산,조양,춘천JCT-춘천IC,356.1~369.6,13.5,4,,"34,231","27,871",615,"4,220","1,439",86
대구부산선,05503-1,경남,김해,대동,덕산,대동JCT-상동IC,10.1~16.7,6.6,4,,"49,637","30,348",511,"9,433","5,790","3,555"
대구부산선,05503-2,경남,김해,상동,여차,상동IC-삼랑진IC,16.7~32,15.3,4,,"43,292","26,801",432,"7,554","5,055","3,450"
대구부산선,05503-3,경남,밀양,삼랑진,미전,삼랑진IC-남밀양IC,32~39.5,7.5,4,,"46,905","30,264",592,"8,225","4,886","2,938"
대구부산선,05503-4,경남,밀양,,가곡,남밀양IC-밀양IC,39.5~45.6,6.1,4,,"46,305","28,635",395,"8,119","5,708","3,448"
대구부산선,05503-5,경북,청도,청도,구미,밀양IC-청도IC,45.6~63.6,18,4,,"47,309","29,617",498,"8,454","6,052","2,688"
대구부산선,05503-6,경북,경산,,옥산,청도IC-수성IC,63.6~85.9,22.3,4,,"44,966","27,718",435,"7,029","6,367","3,417"
대구부산선,05503-7,대구,,수성,시지,수성IC-동대구IC,85.9~89.5,3.6,4,,"61,066","40,340",646,"9,772","6,759","3,549"
대구부산선,05503-8,대구,,동,신평,동대구IC-동대구JCT,89.5~92.1,2.6,4,,"83,967","58,057",944,"14,056","7,302","3,608"
서울양양선,6011,강원,춘천,동산,조양,춘천JCT-동홍천IC,62.2~78.4,16.2,4,,"38,173","32,665","1,060","3,114","1,173",161
서울양양선,6012,강원,홍천,화촌,장평,동홍천IC-내촌IC,78.4~95.2,16.8,4,,"33,873","29,051",934,"2,711","1,031",146
서울양양선,6013,강원,인제,상남,상남,내촌IC-인제IC,95.2~115.6,20.4,4,,"33,093","28,390",908,"2,635","1,016",144
서울양양선,6014,강원,인제,기린,진동,인제IC-서양양IC,115.6~140.9,25.3,4,,"31,416","26,985",854,"2,486",955,136
서울양양선,6015,강원,양양,서면,영덕,서양양IC-양양JC,140.9~151.1,10.2,4,,"31,214","26,799",847,"2,472",958,138
강일춘천선,6001,서울,,강동,강일,강일JCT-선동IC,0~1,1,8,,"190,729","157,267","4,539","22,685","5,743",495
강일춘천선,6002,경기,하남,,선,선동IC-미사IC,1~1.9,0.9,8,,"137,115","113,013","3,251","16,414","4,090",347
강일춘천선,6003,경기,하남,,망월,미사IC-덕소삼패IC,1.9~4,2.1,6,,"93,249","76,831","2,205","11,171","2,803",239
강일춘천선,6004,경기,남양주,,삼패,덕소삼패IC-화도IC,4~14.9,10.9,6,,"85,644","70,765","2,052","10,079","2,527",221
강일춘천선,6005,경기,남양주,화도,차산,화도IC-서종IC,14.9~20.2,5.3,4,,"70,532","58,662","1,740","7,969","1,977",184
강일춘천선,6006,경기,양평,서종,수입,서종IC-설악IC,20.2~33,12.8,4,,"66,127","54,967","1,630","7,492","1,861",177
강일춘천선,6007,경기,가평,설악,신천,설악IC-강촌IC,33~47.2,14.2,4,,"58,437","48,597","1,445","6,608","1,634",153
강일춘천선,6008,강원,춘천,남면,발산,강촌IC-남춘천IC,47.2~56.3,9.1,4,,"53,956","44,852","1,330","6,133","1,506",135
강일춘천선,6009,강원,춘천,동산,군자,남춘천IC-조양IC,56.3~61.8,5.5,4,,"44,048","36,645","1,088","4,995","1,207",113
강일춘천선,6010,강원,춘천,동산,조양,조양IC-춘천JCT,61.8~62.2,0.4,4,,"43,279","36,054","1,058","4,896","1,165",106
동해선,06500-8,울산,,중구,다운,울산JCT-범서IC,47.2~55.3,8.1,4,,"24,103","14,901",221,"3,088","3,523","2,370"
동해선,06500-9,경북,경주,외동,연안,범서IC-남경주IC,55.3~69.9,14.6,4,,"23,790","15,024",218,"3,005","3,286","2,257"
동해선,06500-10,경북,경주,양북,입천,남경주IC-동경주IC,69.9~81.4,11.5,4,,"22,359","13,969",204,"2,879","3,146","2,161"
동해선,06500-11,경북,경주,양북,용동,동경주IC-남포항IC,81.4~100.8,19.4,4,,"20,201","12,620",182,"2,604","2,839","1,956"
동해선,06501-1,강원,삼척,근덕,상맹방,근덕IC-삼척IC,0~9.4,9.4,4,,"7,770","5,947",221,939,499,164
동해선,06501-2,강원,동해,,지흥,삼척IC-동해IC,9.4~17.9,8.5,4,,"15,193","11,593",436,"1,841",994,329
동해선,6501,강원,동해,,동호,동해IC-망상IC,17.9~26.1,8.2,4,,"21,769","16,522",625,"2,647","1,476",499
동해선,6502,강원,강릉,옥계,주수,망상IC-옥계IC,26.1~32.8,6.7,4,,"24,878","18,817",711,"3,033","1,727",590
동해선,6503,강원,강릉,강동,언별,옥계IC-남강릉IC,32.8~50.6,17.8,4,,"26,561","20,069",750,"3,243","1,865",634
동해선,06503-1,강원,강릉,성산,관음,남강릉IC-강릉IC,50.6~58.8,8.2,4,,"24,342","18,512",697,"2,941","1,639",553
동해선,6504,강원,강릉,성산,위촌,강릉IC-강릉JCT,58.8~61.5,2.7,6,,"37,320","28,729","1,089","4,420","2,309",773
동해선,6505,강원,강릉,사천,노동,강릉JCT-북강릉IC,61.5~68.8,7.3,4,,"20,690","16,853",400,"2,205",985,247
동해선,6506,강원,강릉,연곡,송림,북강릉IC-남양양IC,68.8~78,9.2,4,,"20,840","16,987",405,"2,205",993,250
동해선,6507,강원,양양,현남,임호정,남양양IC-하조대IC,78~93.2,15.2,4,,"21,009","17,090",406,"2,236","1,015",262
동해선,6508,강원,양양,현북,밀양,하조대IC-양양IC,93.2~102.9,9.7,4,,"19,183","15,658",372,"2,017",906,230
동해선,6509,강원,양양,강현,사교,양양IC-북양양IC,102.9~113.3,10.4,4,,"21,582","18,323",502,"2,087",580,90
동해선,6510,강원,속초,,도문,북양양IC-속초IC,113.3~121.8,8.5,4,,"12,881","10,958",309,"1,209",349,56
부산울산선,06500-0,부산,,해운대,송정,시점-동부산IC,0~4.3,4.3,4,,"48,499","40,887",543,"4,119","1,746","1,204"
부산울산선,06500-1,부산,기장,기장,내,동부산IC-해운대IC,4.3~6,1.7,4,,"52,334","44,100",593,"4,461","1,888","1,292"
부산울산선,06500-2,부산,기장,기장,청강,해운대IC-기장IC,6~13.9,7.9,6,,"58,036","49,256",638,"4,832","1,970","1,340"
부산울산선,06500-3,부산,기장,일광,화전,기장IC-장안IC,13.9~19.3,5.4,6,,"50,947","37,255",499,"5,676","4,119","3,398"
부산울산선,06500-4,부산,기장,장안,덕선,장안IC-온양IC,19.3~29.7,10.4,6,,"50,393","36,827",495,"5,601","4,091","3,379"
부산울산선,06500-5,울산,울주,온양,운화,온양IC-청량IC,29.7~37.5,7.8,6,,"48,788","35,651",481,"5,412","3,966","3,278"
부산울산선,06500-6,울산,울주,청량,덕하,청량IC-울주JCT,37.5~41,3.5,6,,"38,457","27,952",400,"4,233","3,259","2,613"
부산울산선,06500-12,울산,울주,청량,삼정,울주JCT-문수IC,41~42.8,1.8,6,,"35,886","23,313",359,"4,758","4,900","2,556"
부산울산선,06500-7,울산,울주,청량,문죽,문수IC-울산JCT,42.8~47.2,4.4,6,,"34,158","22,185",345,"4,530","4,660","2,438"
수도권제1순환선(남부),10001,경기,성남,분당,삼평,판교JCT-성남IC,0~4.2,4.2,8,,"204,976","160,570","1,734","31,836","9,546","1,290"
수도권제1순환선(남부),10002,경기,성남,중원,성남,성남IC-송파IC,4.2~9.4,5.2,8,,"194,034","152,245","1,643","30,075","8,873","1,198"
수도권제1순환선(남부),10003,서울,,송파,장지,송파IC-서하남IC,9.4~14.4,5,8,,"241,914","189,808","2,044","37,450","11,110","1,502"
수도권제1순환선(남부),10004,경기,하남,,감일,서하남IC-하남JCT,14.4~19.3,4.9,8,,"170,656","133,658","1,450","26,436","8,023","1,089"
수도권제1순환선(남부),10005,경기,하남,,춘궁,하남JCT-상일IC,19.3~21.9,2.6,8,,"241,549","175,302","3,032","44,850","16,261","2,104"
수도권제1순환선(남부),10006,서울,,강동,상일,상일IC-강일IC,21.9~24.9,3,8,,"259,458","188,032","3,238","48,310","17,591","2,287"
수도권제1순환선(남부),10007,서울,,강동,하일,강일IC-토평IC,24.9~25.9,1,8,,"179,963","130,588","2,243","33,389","12,153","1,590"
수도권제1순환선(남부),10008,경기,구리,,토평,토평IC-남양주IC,25.9~28.3,2.4,8,,"207,440","151,009","2,581","38,251","13,774","1,825"
수도권제1순환선(남부),10009,경기,남양주,,도농,남양주IC-구리IC,28.3~30.2,1.9,8,,"184,343","133,942","2,286","34,148","12,334","1,633"
수도권제1순환선(남부),10010,경기,구리,,인창,구리IC-퇴계원IC,30.2~32.9,2.7,8,,"187,347","136,308","2,369","34,580","12,475","1,615"
수도권제1순환선(남부),10025,경기,고양,덕양,내곡,일산IC-자유로JCT,69.2~71.4,2.2,10,,"200,617","156,698","2,087","31,045","8,706","2,081"
수도권제1순환선(남부),10024,경기,고양,덕양,토당,자유로JCT-김포IC,71.4~74.5,3.1,8,,"199,575","153,288","1,630","33,375","9,087","2,195"
수도권제1순환선(남부),10023,경기,김포,고촌,신곡,김포IC-노오지JCT,74.5~78.2,3.7,8,,"199,515","153,314","1,630","33,293","9,078","2,200"
수도권제1순환선(남부),10022,인천,,계양,귤현,노오지JCT-계양IC,78.2~81.3,3.1,8,,"199,915","150,977","1,200","35,884","9,527","2,327"
수도권제1순환선(남부),10021,인천,,계양,병방,계양IC-서운JCT,81.3~83.5,2.2,8,,"217,073","164,378","1,287","38,772","10,152","2,484"
수도권제1순환선(남부),10020,인천,,부평,서운,서운JCT-중동IC,83.5~85.6,2.1,8,,"273,766","208,957","2,888","45,483","14,470","1,968"
수도권제1순환선(남부),10019,경기,부천,원미,중동,중동IC-송내IC,85.6~87.6,2,8,,"267,009","203,807","2,815","44,356","14,110","1,921"
수도권제1순환선(남부),10018,경기,부천,소사,송내,송내IC-장수IC,87.6~90,2.4,8,,"254,355","194,148","2,684","42,258","13,438","1,827"
수도권제1순환선(남부),10017,인천,,부평,구산,장수IC-시흥IC,90~94.2,4.2,8,,"164,212","125,282","1,743","27,181","8,806","1,200"
수도권제1순환선(남부),10016,경기,시흥,,대야,시흥IC-안현JCT,94.2~96.9,2.7,8,,"163,444","124,601","1,759","27,387","8,556","1,141"
수도권제1순환선(남부),10015,경기,시흥,,안현,안현JCT-도리JCT,96.9~101.7,4.8,8,,"157,450","124,864","2,384","23,065","6,152",985
수도권제1순환선(남부),10015-1,경기,시흥,,조남,도리JCT-조남JCT,101.7~106.1,4.4,8,,"182,174","144,504","2,760","26,672","7,097","1,141"
수도권제1순환선(남부),10014,경기,안양,,안양,조남JCT-산본IC,106.1~111.4,5.3,8,,"183,720","150,467","3,545","23,858","4,856",994
수도권제1순환선(남부),10013,경기,군포,,산본,산본IC-평촌IC,111.4~115.5,4.1,8,,"160,329","131,026","3,089","20,975","4,336",903
수도권제1순환선(남부),10012,경기,안양,,평촌,평촌IC-학의JCT,115.5~118.4,2.9,8,,"181,207","148,606","3,511","23,363","4,749",978
수도권제1순환선(남부),10011,경기,의왕,,학의,학의JCT-판교JCT,118.4~127.2,8.8,8,,"168,626","135,383","2,327","23,936","6,016",964
수도권제1순환선(북부),10031,경기,남양주,,별내,퇴계원IC-별내IC,32.9~34.9,2,8,,"123,799","95,626","2,690","18,416","6,290",777
수도권제1순환선(북부),10030,경기,남양주,,별내,별내IC-의정부IC,34.9~42.9,8,8,,"137,208","104,094","2,363","23,107","6,851",793
수도권제1순환선(북부),10029-1,경기,의정부,,호원,의정부IC-호원IC,42.9~44.5,1.6,8,,"166,719","126,461","3,269","25,950","9,475","1,564"
수도권제1순환선(북부),10029,경기,양주,장흥,울대,호원IC-송추IC,44.5~51,6.5,8,,"155,108","104,999","3,690","36,433","8,579","1,407"
수도권제1순환선(북부),10028,경기,양주,장흥,삼하,송추IC-통일로IC,51~59.9,8.9,8,,"151,105","109,397","3,283","26,795","8,959","2,671"
수도권제1순환선(북부),10027-1,경기,고양,덕양,원신,통일로IC-고양JCT,59.9~62.9,3,8,,"164,184","121,842","4,586","26,747","8,504","2,505"
수도권제1순환선(북부),10027,경기,고양,덕양,주교,고양JCT-고양IC,62.9~65.9,3,8,,"143,613","106,701","4,128","23,752","6,841","2,191"
수도권제1순환선(북부),10026,경기,고양,일산동,산황,고양IC-일산IC,65.9~69.2,3.3,8,,"141,900","99,850","4,136","26,139","9,333","2,442"
남해제1지선,10204,경남,함안,산인,신산,산인JCT-내서JCT,0~4.3,4.3,4,,"41,263","32,429",985,"5,795","1,619",435
남해제1지선,10205,경남,창원,마산회원,중,내서JCT-서마산IC,4.3~9.7,5.4,4,,"65,428","48,152","1,318","9,879","4,313","1,766"
남해제1지선,10206,경남,창원,마산회원,회성,서마산IC-동마산IC,9.7~13.4,3.7,4,,"59,505","43,695","1,213","8,981","4,000","1,616"
남해제1지선,10207,경남,창원,마산회원,구암,동마산IC-창원JCT,13.4~17.9,4.5,4,,"45,862","33,690",948,"6,936","3,091","1,197"
남해제2지선,10401,경남,김해,장유,유하,냉정JCT-장유IC,0~3.3,3.3,6,,"66,723","47,205","1,229","10,282","5,478","2,529"
남해제2지선,10402,경남,김해,장유,단,장유IC-가락IC,3.3~12.8,9.5,8,,"57,965","40,806","1,051","9,033","4,805","2,270"
남해제2지선,10403,부산,,강서,봉림,가락IC-서부산IC,12.8~18,5.2,8,,"88,065","61,802","1,595","13,614","7,453","3,601"
남해제2지선,10404,부산,,강서,대저2,서부산IC-사상IC,18~20.2,2.2,8,,"125,545","88,098","2,274","19,402","10,629","5,142"
부산항신항선,10501,경남,창원,진해,소사,신항교차로-진해영업소,0~5.7,5.7,4,,"13,076","3,407",510,659,"4,684","3,816"
부산항신항선,10502,경남,김해,,관동,진해영업소-대청IC,5.7~10.5,4.8,4,,"38,923","10,136","1,514","1,976","13,929","11,368"
부산항신항선,10503,경남,김해,진례,산본,대청IC-남진례IC,10.5~15.2,4.7,4,,"26,279","6,838","1,019","1,332","9,403","7,687"
제2경인선,11001,인천,,남,용현,인천시점-학익JCT,0~1.8,1.8,6,,"55,305","34,115",314,"11,084","7,670","2,122"
제2경인선,11001-1,인천,,남,학익,학익JCT-문학IC,1.8~4.1,2.3,6,,"100,020","62,159",559,"19,703","13,794","3,805"
제2경인선,11002,인천,,남,문학,문학IC-남동IC,4.1~7.5,3.4,6,,"135,895","84,870",779,"26,458","18,627","5,161"
제2경인선,11003,인천,,남동,남촌,남동IC-서창JCT,7.5~9.8,2.3,8,,"236,666","141,725","1,057","51,898","33,255","8,731"
제2경인선,11004,인천,,남동,서창,서창JCT-신천IC,9.8~13.6,3.8,6,,"86,723","64,645",624,"13,871","6,138","1,445"
제2경인선,11005,경기,시흥,,방산,신천IC-안현JCT,13.6~17,3.4,6,,"127,467","95,305",928,"20,177","8,938","2,119"
제2경인선,11006,경기,시흥,,안현,안현JCT-광명IC,17~20.1,3.1,6,,"156,968","128,329","1,325","21,602","5,023",689
제2경인선,11007,경기,광명,,노온사,광명IC-일직JCT,20.1~24.4,4.3,6,,"146,542","119,887","1,249","20,054","4,690",662
제2경인선,11008,경기,광명,,일직,일직JCT-석수IC,24.4~25.5,1.1,6,,"144,412","119,346","1,075","19,257","4,397",337
제2경인선(인천대교),11000,경기,인천,중,운남,공항신도시JCT-학익JCT,0~21.4,21.4,6,,"57,699","43,799","4,035","7,784","1,804",277
제2경인선(안양성남),11009,경기,안양,만안,석수,석수IC-삼막IC,0~1.2,1.2,6,,"86,378","66,602",587,"14,595","3,828",766
제2경인선(안양성남),11010,경기,안양,동안,비산,삼막IC-북의왕IC,1.2~9.6,8.4,6,,"86,865","66,969",587,"14,656","3,887",766
제2경인선(안양성남),11011,경기,의왕,,청계,북의왕IC-북청계IC,9.6~10.8,1.2,6,,"88,606","68,334",603,"14,989","3,895",785
제2경인선(안양성남),11012,경기,의왕,,청계,북청계IC-동판교IC,10.8~20.2,9.4,4,,"63,130","48,662",431,"10,655","2,826",556
제2경인선(안양성남),11013,경기,성남,수정,시흥,동판교IC-여수대로IC,20.2~21.9,1.7,4,,"43,649","33,653",301,"7,393","1,900",402
경인선,12004,인천,,서,가정,서인천IC-부평IC,0~3.8,3.8,8,,"221,395","182,907","1,623","29,553","6,763",549
경인선,12005,인천,,계양,작전,부평IC-서운JCT,3.8~6.9,3.1,8,,"178,250","147,193","1,317","23,881","5,425",434
경인선,12006,인천,,계양,서운,서운JCT-부천IC,6.9~8.6,1.7,8,,"176,672","148,422","1,166","21,897","5,024",163
경인선,12007,경기,부천,오정,내,부천IC-신월IC,8.6~13.5,4.9,8,,"189,361","159,083","1,252","23,465","5,390",171
인천국제공항선,13001,인천,,중,운서,인천공항-공항신도시IC,0~1.6,1.6,8,,"51,687","41,501","3,594","5,342","1,102",148
인천국제공항선,13001-1,인천,,중,운서,공항신도시IC-공항입구JCT,1.6~4.6,3,8,,"37,636","30,740","1,626","4,280",989,1
인천국제공항선,13001-2,인천,,중,운북,공항입구JCT-금산IC,4.6~5.9,1.3,8,,"64,550","53,408","2,040","6,747","2,246",109
인천국제공항선,13002,인천,,중,중산,금산IC-북인천IC,5.9~15.7,9.8,8,,"87,610","71,135","2,388","9,392","4,548",147
인천국제공항선,13003,인천,,서,경서,북인천IC-청라IC,15.7~20.3,4.6,8,,"45,645","39,095","1,309","4,524",620,97
인천국제공항선,13003-1,인천,,서,시천,청라IC-노오지JCT,20.3~28.2,7.9,8,,"84,384","67,225","1,461","12,319","3,007",372
인천국제공항선,13004,인천,,계양,상야,노오지JCT-김포공항IC,28.2~32,3.8,6,,"58,958","47,982","1,125","7,194","2,335",322
인천국제공항선,13005,서울,,강서,개화,김포공항IC-88JCT,32~34.2,2.2,6,,"49,537","40,132",827,"6,056","2,215",307
인천국제공항선,13005-1,경기,고양,덕양,강매,88JCT-북로JCT,34.2~36.5,2.3,6,,"31,049","24,387",397,"4,403","1,569",293
서천공주선,15101,충남,서천,화양,옥포,동서천IC-동서천JCT,0~2.2,2.2,4,,"3,690","2,589",91,569,384,57
서천공주선,15102,충남,서천,화양,추동,동서천JCT-서부여IC,2.2~22.8,20.6,4,,"20,122","14,157",495,"3,094","2,031",345
서천공주선,15103,충남,부여,홍산,무정,서부여IC-부여IC,22.8~31.7,8.9,4,,"21,790","15,365",532,"3,340","2,182",371
서천공주선,15104,충남,부여,은산,신대,부여IC-청양IC,31.7~44.1,12.4,4,,"23,905","16,858",580,"3,683","2,385",399
서천공주선,15105,충남,청양,청남,지곡,청양IC-서공주IC,44.1~57.8,13.7,4,,"24,776","17,497",598,"3,805","2,461",415
서천공주선,15106,충남,공주,우성,대성,서공주IC-서공주JCT,57.8~61.4,3.6,4,,"27,184","19,212",664,"4,173","2,683",452
평택시흥선,15301,경기,화성,장안,독정,서평택JCT-조암IC,0~9.8,9.8,4,,"58,194","28,643",952,"12,029","12,969","3,601"
평택시흥선,15302,경기,화성,우정,주곡,조암IC-마도JCT,9.8~18.6,8.8,4,,"63,091","31,268",907,"13,289","13,807","3,820"
평택시흥선,15302-1,경기,화성,마도,석교,마도JCT-송산마도IC,18.6~21.5,2.9,4,,"75,206","39,382","1,089","16,352","14,378","4,005"
평택시흥선,15303,경기,화성,송산,고정,송산마도IC-남안산IC,21.5~35.3,13.8,4,,"76,180","40,831","1,088","15,160","15,323","3,778"
평택시흥선,15304,경기,시흥,,거모,남안산IC-군자JCT,35.3~42.6,7.3,6,,"65,689","36,693","1,007","12,856","11,480","3,653"
오산화성선,17101,경기,오산,,양산,서오산JCT-안녕IC,0~2.6,2.6,6,,"51,317","41,978",728,"6,314","2,071",226
용인서울선,17111,경기,용인,기흥,영덕,흥덕IC-광교상현IC,0~3.2,3.2,6,,"91,483","83,275",359,"6,403","1,410",36
용인서울선,17112,경기,용인,수지,성복,광교상현IC-서수지IC,3.1~6.3,3.1,6,,"128,794","118,364",766,"8,049","1,581",34
용인서울선,17113,경기,용인,수지,신봉,서수지IC-서분당IC,6.3~10.5,4.2,6,,"129,664","119,067","1,327","7,926","1,309",35
용인서울선,17114,경기,성남,분당,대장,서분당IC-서판교IC,10.5~13.6,3.1,6,,"123,707","113,750","1,257","7,391","1,297",12
용인서울선,17115,경기,성남,수정,금토,서판교IC-금토JCT,13.6~16.3,2.7,6,,"98,437","90,131",888,"6,180","1,215",23
용인서울선,17115-1,경기,성남,수정,금토,금토JCT-고등IC,16.3~18.4,2.1,6,,"59,265","54,541",504,"3,483",724,13
용인서울선,17116,경기,성남,수정,고등,고등IC-헌릉IC,18.4~22.9,4.5,4,,"47,099","43,714",462,"2,523",392,8
새만금포항선지선,02000-1,전북,익산,왕궁,구덕,,0~7.6,7.6,4,,"33,504","20,101",603,"4,505","5,913","2,382"
새만금포항선지선,02000-2,전북,완주,봉동,구만,,7.6~10.5,2.9,4,,"37,586","22,939",695,"5,043","6,378","2,531"
새만금포항선지선,02000-5,전북,완주,소양,명덕,,10.5~16.8,6.3,4,,"14,486","8,699",280,"2,057","2,500",950
호남선지선,25101,충남,논산,연무,고내,논산JCT-논산IC,0~5.5,5.5,4,,"43,005","28,614",782,"6,612","6,038",959
호남선지선,25102,충남,논산,연무,양지,논산IC-양촌하이패스IC,5.5~15.4,9.9,4,,"47,407","31,611",864,"7,304","6,577","1,051"
호남선지선,25102-1,충남,논산,양촌,산직,양촌하이패스IC-계룡IC,15.4~28,12.6,4,,"48,446","32,356",883,"7,455","6,682","1,070"
호남선지선,25103,충남,논산,두마,왕대,계룡IC-서대전JCT,28~34.4,6.4,4,,"50,935","33,860",916,"7,875","7,137","1,147"
호남선지선,25104,대전,,유성,원내,서대전JCT-유성IC,34.4~42.8,8.4,4,,"59,112","40,725",927,"8,414","7,516","1,530"
호남선지선,25105,대전,,유성,장대,유성IC-유성JCT,42.8~45.7,2.9,4,,"67,596","46,220","1,045","9,613","8,907","1,811"
호남선지선,25105-1,대전,,유성,하기,유성JCT-북대전IC,45.7~50.3,4.6,4,,"71,547","50,127",996,"9,661","8,683","2,080"
호남선지선,25106,대전,,유성,화암,북대전IC-회덕JCT,50.3~53.9,3.6,4,,"76,983","53,559","1,063","10,475","9,586","2,300"
고창담양선,25301,전북,고창,고수,남산,고창JCT-남고창IC,0~2.5,2.5,4,,"20,326","14,096",304,"3,319","2,353",254
고창담양선,25301-1,전북,고창,고수,부곡,남고창IC-장성물류IC,2.5~12.6,10.1,4,,"23,270","16,061",351,"3,819","2,740",299
고창담양선,25302,전남,장성,서삼,송현,장성물류IC-장성JCT,12.6~17.2,4.6,4,,"22,586","15,706",336,"3,688","2,574",282
고창담양선,25303,전남,장성,장성,야은,장성JCT-북광주IC,17.2~28.9,11.7,4,,"15,906","10,720",230,"2,673","1,822",461
고창담양선,25304,전남,장성,진원,진원,북광주IC-담양JCT,28.9~37.2,8.3,4,,"22,670","15,160",321,"3,914","2,571",704
고창담양선,25305,전남,담양,창평,유산,담양JCT-대덕JCT,37.2~42.3,5.1,4,,"12,709","8,092",164,"2,285","1,462",706
대전남부순환선,30001,대전,,유성,원내,서대전JCT-서대전IC,0~1.1,1.1,4,,"45,795","35,044",662,"6,621","3,106",362
대전남부순환선,30002,대전,,서,관저,서대전IC-안영IC,1.1~5.7,4.6,4,,"42,840","32,522",628,"6,131","3,173",386
대전남부순환선,30003,대전,,중,안영,안영IC-산내JCT,5.7~13.3,7.6,4,,"37,113","28,048",543,"5,342","2,839",341
상주영천선,30101,경북,영천,고경,오류,영천JCT-동영천IC,0~10.9,10.9,4,,"23,443","14,978",708,"3,029","4,120",608
상주영천선,30102,경북,영천,,오미,동영천IC-화산JCT,10.9~19.3,8.4,4,,"24,001","15,330",713,"3,093","4,227",638
상주영천선,30103,경북,영천,화산,화산,화산JCT-신녕IC,19.3~26.3,7,4,,"31,035","19,877",920,"3,994","5,423",821
상주영천선,30104,경북,영천,신녕,화남,신녕IC-동군위IC,26.3~42.1,15.8,4,,"35,425","22,668","1,049","4,561","6,211",936
상주영천선,30105,경북,군위,효령,금매,동군위IC-군위JCT,42.1~53.1,11,4,,"28,506","18,075",867,"3,684","5,109",771
상주영천선,30106,경북,구미,장천,오로,군위JCT-서군위하이패스IC,53.1~65.7,12.6,4,,"30,676","19,674",898,"3,910","5,346",848
상주영천선,30107,경북,군위,소보,달산,서군위하이패스IC-도개IC,65.7~82.2,16.5,4,,"32,779","21,007",950,"4,197","5,739",886
상주영천선,30108,경북,상주,낙동,장곡,도개IC-상주JCT,82.2~90.5,8.3,4,,"34,229","22,003",987,"4,367","5,966",906
상주영천선,30109,경북,상주,낙동,상촌,상주JCT-낙동JCT,90.5~94.3,3.8,6,,"37,914","24,373","1,111","4,837","6,585","1,008"
수도권제2순환선(봉담),40001,경기,화성,동탄,금곡,동탄JCT-북오산IC,0~3.7,3.7,4,,"82,334","59,254","1,973","14,534","5,690",883
수도권제2순환선(봉담),40002,경기,오산,,지곶,북오산IC-서오산JCT,3.7~9.3,5.6,4,,"82,590","60,071","1,711","14,192","5,745",871
수도권제2순환선(인천),40003,인천,,서,원창,시점IC-남청라IC,0~9.2,9.2,6,,"77,184","50,618",372,"15,079","8,197","2,918"
수도권제2순환선(인천),40004,인천,,서,경서,남청라IC-북청라IC,9.2~14.3,5.1,6,,"74,576","46,322",323,"17,807","8,287","1,837"
수도권제2순환선(인천),40005,인천,,서,오류,북청라IC-검단양촌IC,14.3~19.1,4.8,6,,"72,821","46,885",297,"18,044","6,298","1,297"
수도권제2순환선(인천),40006,경기,김포,양촌,학운,검단양촌IC-대곶IC,19.1~24.7,5.6,4,,"43,804","27,269",234,"11,448","3,909",944
수도권제2순환선(인천),40007,경기,김포,대곶,오니산,대곶IC-서김포통진IC,24.7~28.6,3.9,4,,"26,007","17,204",146,"5,584","2,607",466
수도권제2순환선(봉담),40011,경기,화성,봉담,분천,화성JCT-남봉담IC,0~0.9,0.9,4,,"26,301","17,632",513,"6,485","1,483",188
수도권제2순환선(봉담),40012,경기,화성,봉담,상기,남봉담IC-남비봉팔탄IC,0.9~6.8,5.9,4,,"36,070","24,530",690,"8,654","1,956",240
수도권제2순환선(봉담),40013,경기,화성,팔탄,창곡,남비봉팔탄IC-팔탄JCT,6.8~8.9,2.1,4,,"30,929","20,315",623,"7,882","1,882",227
수도권제2순환선(봉담),40014,경기,화성,남양,활초,팔탄JCT-화성IC,8.9~14,5.1,4,,"22,803","13,600",583,"6,174","2,242",204
수도권제2순환선(봉담),40015,경기,화성,남양,신남,화성IC-마도IC,14~15.8,1.8,4,,"26,822","17,469",588,"5,572","2,858",335
수도권제2순환선(봉담),40016,경기,화성,마도,쌍송,마도IC-마도JCT,15.8~16.3,0.5,4,,"7,017","4,660",164,"1,466",656,71
수도권제2순환선(광주),40017,경기,광주,도척,유정,곤지암JC-도척IC,0~4,4,4,,"15,698","10,070",278,"4,409",815,126
수도권제2순환선(광주),40018,경기,광주,도척,유정,도척IC-포곡IC,4~15,11,4,,"24,438","16,091",449,"6,105","1,634",159
수도권제2순환선(광주),40019,경기,용인,포곡,영문,포곡IC-서용인JCT,15~17,2,4,,"27,337","18,176",778,"6,769","1,440",174
수도권제2순환선(광주),40020,경기,용인,포곡,마성,서용인JCT-서용인IC,17~21.4,4.4,4,,"52,996","34,349","1,406","12,266","4,499",476
수도권제2순환선(광주),40021,경기,용인,처인,삼가,서용인IC-동탄IC,21.4~25.8,4.4,4,,"37,995","23,900","1,046","9,536","3,113",400
수도권제2순환선(광주),40022,경기,화성,,중,동탄IC-동탄JCT,25.8~31,5.2,4,,"46,748","31,210","1,325","10,741","3,059",413
중부내륙지선,45101,대구,달성,현풍,지동,현풍JCT-북현풍하이패스IC,0~3.1,3.1,4,,"38,553","25,666",710,"7,743","3,580",854
중부내륙지선,45101-1,대구,달성,현풍,성화,북현풍하이패스IC-달성IC,3.1~12.4,9.3,4,,"41,650","27,796",773,"8,257","3,885",939
중부내륙지선,45102,대구,달성,옥포,송촌,달성IC-옥포JCT,12.4~15.3,2.9,4,,"46,090","30,991",880,"9,043","4,175","1,001"
중부내륙지선,45103,대구,달성,옥포,본리,옥포JCT-화원옥포IC,15.3~17.2,1.9,8,,"100,188","69,650","1,472","18,250","9,296","1,520"
중부내륙지선,45104,대구,달성,화원,설화,화원옥포IC-유천하이패스IC,17.2~20.1,2.9,8,,"103,199","71,737","1,516","18,800","9,580","1,566"
중부내륙지선,45104-1,대구,,달서,유천,유천하이패스IC-남대구IC,20.1~23.2,3.1,8,,"94,953","66,519","1,395","17,186","8,474","1,379"
중부내륙지선,45105,대구,,달서,월성,남대구IC-서대구IC,23.2~28.1,4.9,6,,"61,134","42,865",897,"11,048","5,445",879
중부내륙지선,45107,대구,,서,상리,서대구IC-금호JCT,28.1~30,1.9,8,,"131,690","92,413","1,936","23,750","11,718","1,873"
중앙선지선,55104,경남,김해,대동,예안,김해JCT-대동JCT,0~9.2,9.2,4,,"40,732","28,084",543,"7,803","3,142","1,160"
중앙선지선,55101,경남,김해,대동,월촌,대동JCT-물금IC,9.2~13.4,4.2,6,,"104,006","64,930","1,278","22,825","10,826","4,147"
중앙선지선,55102,경남,양산,물금,증산,물금IC-남양산IC,13.4~15.7,2.3,6,,"86,297","53,789","1,071","19,053","8,963","3,421"
중앙선지선,55103,경남,양산,동,석산,남양산IC-양산JCT,15.7~17.4,1.7,4,,"89,664","55,875","1,128","19,746","9,358","3,557"
부산외곽순환선,60001,경남,김해,진영,우동,진영JCT-진영IC,0~5.2,5.2,4,,"33,140","20,920",203,"6,606","4,402","1,009"
부산외곽순환선,60002,경남,김해,진영,설창,진영IC-한림IC,5.2~9,3.8,4,,"38,870","24,707",237,"7,688","5,084","1,154"
부산외곽순환선,60003,경남,김해,한림,명동,한림IC-광재IC,9~17.2,8.2,4,,"41,538","26,471",251,"8,221","5,389","1,206"
부산외곽순환선,60004,경남,김해,상동,우계,광재IC-대감JCT,17.2~26.2,9,4,,"49,902","32,000",302,"9,809","6,364","1,427"
부산외곽순환선,60005,경남,김해,대동,대감,대감JCT-김해가야하이패스IC,26.2~28,1.8,4,,"64,284","43,078",291,"12,221","6,973","1,721"
부산외곽순환선,60006,경남,김해,대동,월촌,김해가야하이패스IC-노포JCT,28~37.9,9.9,4,,"62,889","41,749",281,"12,122","6,997","1,740"
부산외곽순환선,60007,부산,,금정,노포,노포JCT-금정IC,37.9~39,1.1,4,,"53,313","36,340",139,"10,219","5,182","1,433"
부산외곽순환선,60008,부산,,금정,두구,금정IC-기장철마IC,39~43.2,4.2,4,,"52,170","35,689",143,"9,949","4,983","1,406"
부산외곽순환선,60009,부산,기장,철마,백길,기장철마IC-기장IC·JCT,43.2~48.8,5.6,4,,"56,046","38,097",149,"10,801","5,465","1,534"
대구외곽선,70001,대구,,달서,파호,달서IC-다사IC,0~3.6,3.6,4,,"10,563","7,747",55,"1,990",685,86
대구외곽선,70002,대구,달성,다사,매곡,다사IC-북다사IC,3.6~7.8,4.2,4,,"15,891","11,639",76,"3,033","1,022",121
대구외곽선,70003,경북,칠곡,지천,오산,북다사IC-칠곡JCT,7.8~11.5,3.7,4,,"19,792","14,494",91,"3,762","1,298",147
대구외곽선,70004,경북,칠곡,지천,연호,칠곡JCT-지천IC,11.5~16.4,4.9,4,,"13,010","10,213",139,"2,073",535,50
대구외곽선,70005,대구,,북,읍내,지천IC-동명동호JCT,16.4~20,3.6,4,,"12,813","10,000",141,"2,096",531,45
대구외곽선,70006,대구,,북,연경,서변IC-파군재IC,26.5~30.5,4,4,,"25,587","20,438",240,"3,897",866,146
대구외곽선,70007,대구,,동,둔산,파군재IC-둔산IC,30.5~36.8,6.3,4,,"27,148","21,616",265,"4,140",957,170
대구외곽선,70008,대구,,동,상매,둔산IC-상매JCT,36.8~38.5,1.7,4,,"26,475","21,103",254,"4,033",925,160
경부선,101,부산,,금정,구서,구서IC-노포IC,0~5.1,5.1,6,,"69,680","55,462","1,517","9,147","2,478","1,076"
경부선,00101-1,부산,,금정,노포,노포IC-노포JCT,5.1~5.6,0.5,6,,"66,539","52,866","1,448","8,780","2,407","1,038"
경부선,00101-2,부산,,금정,노포,노포JCT-양산JCT,5.6~12.8,7.2,6,,"91,691","72,707","1,988","12,200","3,354","1,442"
경부선,102,경남,양산,,다방,양산JCT-양산IC,12.8~17.9,5.1,8,,"100,392","63,843","2,243","18,438","10,975","4,893"
경부선,103,경남,양산,상북,석계,양산IC-통도사하이패스IC,17.9~30.7,12.8,6,,"82,481","52,635","1,846","15,033","8,992","3,975"
경부선,00103-1,울산,울주,삼남,순지,통도사하이패스IC-통도사IC,30.7~32.1,1.4,6,,"79,594","50,801","1,777","14,503","8,678","3,835"
경부선,00103-2,울산,울주,삼남,순지,통도사IC-서울주JCT,32.1~33.6,1.5,6,,"75,209","48,019","1,679","13,631","8,255","3,625"
경부선,104,울산,울주,삼남,조일,통도사IC-서울산IC,33.6~38.5,4.9,6,,"60,282","39,248","1,469","11,015","5,996","2,554"
경부선,105,울산,울주,삼남,교,서울산IC-언양JCT,38.5~40.1,1.6,6,,"53,217","34,627","1,298","9,716","5,303","2,273"
경부선,106,울산,울주,언양,반곡,언양JCT-활천IC,40.1~57.3,17.2,6,,"50,772","32,747","1,061","8,701","6,232","2,031"
경부선,00106-1,경북,경주,내남,용장,활천IC-경주IC,57.3~68.3,11,6,,"48,396","31,234","1,008","8,284","5,936","1,934"
경부선,107,경북,경주,,율,경주IC-건천IC,68.3~78.7,10.4,6,,"52,756","34,159","1,099","9,022","6,389","2,087"
경부선,108,경북,경주,건천,천포,건천IC-영천JCT,78.7~90.8,12.1,6,,"55,011","35,676","1,146","9,414","6,620","2,155"
경부선,00108-1,경북,영천,북안,반정,영천JCT-영천IC,90.8~96.4,5.6,6,,"33,689","21,314",542,"5,490","5,211","1,132"
경부선,109,경북,영천,,본촌,영천IC-경산IC,96.4~112.8,16.4,6,,"41,928","26,691",670,"6,813","6,382","1,372"
경부선,110,경북,경산,진량,선화,경산IC-동대구JCT,112.8~122.1,9.3,8,,"68,625","43,753","1,107","11,186","10,354","2,225"
경부선,00110-1,대구,,동,숙천,동대구JCT-도동JCT,122.1~126.2,4.1,8,,"111,778","69,685","1,281","22,983","13,549","4,280"
경부선,111,대구,,동,검사,도동JCT-북대구IC,126.2~133.9,7.7,8,,"129,966","80,689","1,309","28,312","14,551","5,105"
경부선,112,대구,,북,서변,북대구IC-금호JCT,133.9~139.4,5.5,8,,"143,239","89,105","1,450","31,049","15,976","5,659"
경부선,113,경북,칠곡,지천,용산,금호JCT-칠곡JCT,139.4~143.4,4,8,,"117,356","75,035","1,509","23,071","13,185","4,556"
경부선,00113-2,대구,달성,하빈,대평,칠곡JCT-칠곡물류IC,143.4~150.1,6.7,8,,"122,297","80,058","1,944","21,666","14,007","4,622"
경부선,00113-1,경북,칠곡,지천,연화,칠곡물류IC-왜관IC,150.1~153.3,3.2,8,,"116,819","76,223","1,844","20,654","13,577","4,521"
경부선,114,경북,칠곡,왜관,삼청,왜관IC-남구미IC,153.3~167.3,14,8,,"102,381","66,561","1,612","18,148","12,039","4,021"
경부선,115,경북,구미,,임오,남구미IC-구미IC,167.3~172.3,5,8,,"90,586","58,615","1,419","16,075","10,848","3,629"
경부선,116,경북,구미,,원평,구미IC-북구미하이패스IC,172.3~179.3,7,8,,"76,849","49,700","1,196","13,652","9,213","3,088"
경부선,00116-1,경북,구미,,부곡,북구미하이패스IC-김천JCT,179.3~183.2,3.9,8,,"72,814","47,240","1,129","12,943","8,616","2,886"
경부선,117,경북,김천,아포,국사,김천JCT-동김천IC,183.2~192.3,9.1,6,,"46,442","27,135",608,"6,430","8,529","3,740"
경부선,00117-1,경북,김천,남,초곡,동김천IC-김천IC,192.3~200.3,8,6,,"40,066","23,144",508,"5,469","7,614","3,331"
경부선,118,경북,김천,,교,김천IC-추풍령IC,200.3~212.3,12,6,,"39,206","22,534",489,"5,342","7,524","3,317"
경부선,119,경북,김천,봉산,광천,추풍령IC-황간IC,212.3~222.4,10.1,6,,"38,290","22,041",478,"5,224","7,316","3,231"
경부선,120,충북,영동,황간,마산,황간IC-영동IC,222.4~232.3,9.9,6,,"39,809","22,926",500,"5,419","7,609","3,355"
경부선,121,충북,영동,용산,구촌,영동IC-금강IC,232.3~248.3,16,6,,"42,075","24,292",528,"5,701","8,018","3,536"
경부선,122,충북,옥천,동이,조령,금강IC-옥천IC,248.3~259.7,11.4,4,,"43,002","24,606",533,"5,843","8,313","3,707"
경부선,123,충북,옥천,옥천,서정,옥천IC-비룡JCT,259.7~268.4,8.7,6,,"53,254","30,858",687,"7,283","10,026","4,400"
경부선,124,대전,,동,비룡,비룡JCT-대전IC,268.4~271.9,3.5,6,,"78,946","54,171","1,817","11,061","8,745","3,152"
경부선,125,대전,,대덕,송촌,대전IC-회덕JCT,271.9~277.9,6,6,,"90,162","62,071","2,090","12,836","9,687","3,478"
경부선,126,대전,,대덕,신대,회덕JCT-신탄진IC,277.9~282,4.1,8,,"113,626","75,669","2,470","16,241","15,425","3,821"
경부선,127,대전,,대덕,목상,신탄진IC-남청주IC,282~293.1,11.1,8,,"120,342","80,663","2,636","17,221","15,915","3,907"
경부선,128,충북,청주,남이,외천,남청주IC-청주JCT,293.1~296.6,3.5,8,,"117,484","79,027","2,583","17,076","15,107","3,691"
경부선,00128-1,충북,청주,남이,척북,청주JCT-남이JCT,296.6~300.5,3.9,10,,"131,013","84,361","3,099","19,155","19,156","5,242"
경부선,129,충북,청주,흥덕,신전,남이JCT-청주IC,300.5~305.1,4.6,6,,"93,243","56,918","2,464","13,845","15,373","4,643"
경부선,130,충북,청주,옥산,덕촌,청주IC-옥산하이패스IC,305.1~308.7,3.6,6,,"90,034","55,090","2,384","13,480","14,641","4,439"
경부선,00130-1,충북,천안,수신,장산,옥산하이패스IC-옥산JCT,308.7~316,7.3,6,,"91,613","56,009","2,424","13,633","15,014","4,533"
경부선,00130-2,충북,청주,옥산,수락,옥산JCT-목천IC,316~329.9,13.9,6,,"102,348","64,670","2,966","14,221","15,885","4,606"
경부선,131,충남,천안,성남,용원,목천IC-천안JCT,329.9~333.4,3.5,6,,"105,612","66,733","3,063","14,690","16,380","4,746"
경부선,00131-1,충남,천안,목천,응원,천안JCT-천안IC,333.4~340.1,6.7,8,,"161,308","117,668","5,892","20,454","14,708","2,586"
경부선,132,충남,천안,,안서,천안IC-북천안IC,340.1~348.4,8.3,8,,"181,263","131,729","6,591","22,988","16,953","3,002"
경부선,00132-2,충남,천안,입장,용정,북천안IC-안성IC,348.4~360.1,11.7,8,,"174,264","127,019","6,352","22,265","15,852","2,776"
경부선,00132-1,경기,안성,공도,용두,안성IC-안성JCT,360.1~364.9,4.8,8,,"194,458","141,882","7,098","24,580","17,766","3,132"
경부선,133,경기,안성,원곡,산하,안성JCT-남사진위IC,364.9~372.9,8,8,,"182,381","136,858","8,397","23,830","11,820","1,476"
경부선,00133-1,경기,평택,진위,동천,남사진위IC-오산IC,372.9~378.2,5.3,8,,"190,808","143,109","8,763","24,912","12,474","1,550"
경부선,134,경기,오산,,원,오산IC-동탄JCT,378.2~382.1,3.9,8,,"196,744","147,391","9,029","25,788","12,936","1,600"
경부선,00134-1,경기,화성,동탄,방교,동탄JCT-기흥IC,382.1~387.2,5.1,8,,"195,088","147,011","12,393","24,564","10,102","1,018"
경부선,135,경기,용인,기흥,고매,기흥IC-수원신갈IC,387.2~392.3,5.1,8,,"210,408","158,673","13,407","26,333","10,903","1,092"
경부선,136,경기,용인,기흥,보라,수원신갈IC-신갈JCT,392.3~395,2.7,10,,"239,885","180,643","15,137","30,177","12,642","1,286"
경부선,137,경기,용인,기흥,상갈,신갈JCT-판교JCT,395~408,13,8,,"206,314","156,509","16,571","24,646","8,067",521
경부선,00137-1,경기,성남,분당,삼평,판교JCT-금토JCT,408~409.3,1.3,10,,"158,589","124,467","16,383","13,889","3,474",376
경부선,139,경기,성남,수정,금토,금토JCT-양재IC,409.3~416.1,6.8,10,,"206,014","167,525","17,740","16,494","3,897",358
